,Data index,Weights of regression,Bias of regression,Graph_index
0,0,"[ 0.06962335 -0.06344901 -0.06409036 -0.06381464 -0.06406561 -0.06381971
 -0.06378515 -0.06382116 -0.06404903 -0.06409556 -0.0639017  -0.06380579
 -0.06380498 -0.06380935 -0.06380417 -0.06380921 -0.06379036 -0.06378174
 -0.06194229 -0.06382051  0.4228645   0.42254102  0.42263317  0.42137864
  0.42257345]",0.020919144,400
1,0,"[-1.8922227e-03 -4.5138425e-03 -5.8437407e-04 -3.6146301e-03
  5.3655828e-04  2.5729528e-03 -1.2684584e-04 -3.2246509e-04
  5.0419634e-03 -2.3020371e-03  1.4233701e-03  6.6258590e-04
  1.4233966e-03  1.2756400e-03  6.6259271e-04  1.5133349e-03
  1.2757024e-03 -3.2616158e-03  3.9547146e-03 -4.6087979e-04
 -3.7759689e-03 -1.5491591e-04 -5.5499899e-05 -5.5752578e-05
 -1.5490566e-04]",0.9790372,401
2,1,"[-5.8587483e-04  1.8401620e-03  3.1516625e-04  8.5122808e-04
  5.2579190e-04  4.1574278e-04  4.4008621e-04  4.0583892e-04
  4.7707019e-04  4.3482939e-04  4.4366380e-04  4.7710605e-04
  2.0128602e-04  1.6748504e-04  4.1571050e-04  4.4012722e-04
  4.7710608e-04  4.7717171e-04  4.3479039e-04  4.3473340e-04
 -5.7610229e-04 -3.3844705e-04 -2.5612535e-05 -2.5646237e-05
 -3.3838913e-04]",0.979037,404
3,1,"[ 0.0677988  -0.0640462  -0.06448594 -0.06407385 -0.0646318  -0.0635906
 -0.06350546 -0.06360029 -0.06472134 -0.06458052 -0.06360522 -0.06346666
 -0.06204098 -0.06406864 -0.06358464 -0.06374795 -0.06207579 -0.06371566
 -0.06345855 -0.06371993  0.42301026  0.4227296   0.42224425  0.4204573
  0.42266184]",0.020918995,405
4,2,"[0.00076925 0.0002132  0.0004917  0.00028732 0.00031947 0.00031871
 0.00031949 0.00038412 0.00027955 0.00038403 0.00031953 0.00027953
 0.00031946 0.00031944 0.00027599 0.00031954 0.00031952 0.00031873
 0.00027593 0.00054636 0.00056876 0.0004393  0.00059827 0.00059821
 0.00043936]",0.97903687,408
5,2,"[4.5596424e-04 5.6367368e-04 2.0573838e-04 3.6724811e-04 5.9554528e-05
 4.0604704e-05 1.9925169e-04 3.7201389e-04 3.3511774e-04 3.8724829e-04
 3.6120458e-04 1.9246999e-04 5.6370883e-04 3.4417419e-04 3.7202353e-04
 3.7186942e-04 5.6368136e-04 3.3517607e-04 3.7197061e-04 3.7200452e-04
 4.2821025e-04 3.5022059e-04 5.7756412e-04 5.7752000e-04 3.5029749e-04]",0.9790369,409
6,3,"[-2.3784713e-05  2.2836926e-04  3.6724180e-04  6.8874820e-04
  9.8643053e-05  2.3224516e-04  9.8540753e-05  3.2170297e-04
  6.8876252e-04  2.4036318e-04  3.6722695e-04  2.4044499e-04
  3.2170973e-04  3.6728248e-04  1.0025820e-04  2.7153789e-04
  3.0335272e-04  3.0209203e-04  3.6729462e-04  2.7155597e-04
  1.4108567e-03 -1.1119465e-04 -9.8201766e-05  2.9930845e-05]",0.97903687,412
7,3,"[-1.9196536e-05 -3.0491746e-04  4.7867480e-04  5.0233828e-04
  4.5276203e-04  4.6825525e-04  4.7863432e-04  4.9523119e-04
  4.7896209e-04  4.7262141e-04  4.7891965e-04  4.9540581e-04
  4.7900347e-04  4.8502226e-04  4.9526728e-04  5.0234527e-04
  4.7916311e-04  4.9515744e-04  4.9534545e-04  4.9526454e-04
 -4.6664471e-05 -2.1315811e-04  9.7083655e-05  9.7204625e-05
 -2.1317916e-04]",0.9790368,413
8,4,"[0.00070317 0.00020664 0.00043094 0.00024189 0.00023804 0.00034088
 0.00031345 0.0002995  0.00043111 0.00024525 0.00030261 0.00034083
 0.00032962 0.00043098 0.00029539 0.00029537 0.00034087 0.00028602
 0.00043088 0.0005589  0.00040991 0.00044195 0.00051356 0.00051355
 0.00044189]",0.97903675,416
9,4,"[-6.8757225e-05 -1.7481972e-04  1.8268115e-04  4.6902889e-04
 -2.5544979e-04  4.6903355e-04  5.9952249e-04  4.6905424e-04
  3.2648566e-04  3.0405034e-04  4.5916153e-04  5.9959869e-04
  3.0373075e-04  4.5912655e-04 -1.1618232e-04  4.6901935e-04
  4.6906725e-04  4.5920670e-04  4.5914290e-04  4.5914730e-04
  4.8383782e-04  4.0641741e-04  5.0506974e-04  5.0502736e-04
  4.0642367e-04]",0.9790368,417
10,5,"[0.00063384 0.00034304 0.00021553 0.00041893 0.00034312 0.00034292
 0.00027038 0.0002704  0.00034292 0.00041901 0.00027033 0.00026461
 0.00026466 0.00041907 0.00028689 0.00031673 0.00027047 0.00026458
 0.00041902 0.00026455 0.00062582 0.00038512 0.00065447 0.00065446
 0.00038514]",0.97903687,420
11,5,"[ 0.06649727 -0.0639101  -0.06384277 -0.0639243  -0.0639202  -0.0638319
 -0.06389289 -0.06389371 -0.06394644 -0.06391875 -0.06392354 -0.06390843
 -0.0638973  -0.06391482 -0.06392137 -0.06384148 -0.06383855 -0.06393801
 -0.06383003 -0.06389126  0.42413634  0.42412874  0.42354462  0.4226592
  0.42411196]",0.020919085,421
12,6,"[ 0.06909467 -0.06555913 -0.0655508  -0.06310451 -0.06314851 -0.06335592
 -0.06309898 -0.06309025 -0.06336439 -0.0631377  -0.06311359 -0.06337654
 -0.06310855 -0.06314823 -0.06309147 -0.06310747 -0.06310023 -0.0631499
 -0.0631661  -0.06546494  0.42216158  0.42134523  0.42029777  0.41924283
  0.4212706 ]",0.020919204,424
13,6,"[0.0014498  0.00029771 0.00033633 0.00022486 0.0003569  0.00035678
 0.00035673 0.00035669 0.00035672 0.00024483 0.00029209 0.00033628
 0.00029214 0.00035672 0.0002778  0.00035691 0.00025567 0.00029211
 0.00027772 0.00027772 0.00031365 0.00050853 0.00036618 0.00036597
 0.00050839]",0.9790366,425
14,7,"[ 0.06957135  0.13691896 -0.06278849 -0.06292026 -0.06291606 -0.06290969
 -0.06290576 -0.06288966 -0.06291226 -0.06290562 -0.06291209 -0.06291044
 -0.06292742 -0.06275678 -0.06291652 -0.06290459 -0.0629001  -0.0628894
 -0.06291704 -0.06288303  0.42244413  0.42166516  0.42111504  0.20718673
  0.41945875]",0.020919412,428
15,7,"[-0.04035144 -0.04037386 -0.04027576 -0.04031794 -0.04034269 -0.04029887
 -0.04031917 -0.04027381 -0.04029058 -0.04028095 -0.04027669 -0.04032262
 -0.04029491 -0.04030846 -0.04034629 -0.04032959 -0.04029991 -0.04027889
 -0.04027631 -0.04033621  0.44279775  0.44419172  0.44405374  0.44100195]",0.020918429,429
16,8,"[ 0.0655852  -0.06330818 -0.0627621  -0.06330594 -0.06350583 -0.06327879
 -0.06329795 -0.064185   -0.06275998 -0.06278463 -0.0627657  -0.06195339
 -0.06349828 -0.06276415 -0.06275501 -0.0627445  -0.06277087 -0.06352262
 -0.06350415 -0.06351009  0.4210546   0.42071226  0.4208598   0.4195037
  0.41985062]",0.020918846,432
17,8,"[ 0.06972525 -0.06181853 -0.06399645 -0.06404743 -0.06181056 -0.06424927
 -0.06423618 -0.0641861  -0.06414764 -0.06419055 -0.06419191 -0.06419036
 -0.06424476 -0.06425485 -0.0642145  -0.06419786 -0.06419586 -0.0642422
 -0.06424934 -0.06419969  0.42356908  0.42352217  0.4232969   0.4219947
  0.42377087]",0.020918906,433
18,9,"[ 0.07039516 -0.06448101 -0.0639804  -0.06401202 -0.06398249 -0.0644329
 -0.06395427 -0.06416834 -0.06431745 -0.0640211  -0.06419063 -0.06182388
 -0.06397399 -0.06396408 -0.06436709 -0.06401551 -0.06397881 -0.0618228
 -0.0644449  -0.06401861  0.4234017   0.42290175  0.42309678  0.4212702
  0.4231738 ]",0.020918608,436
19,9,"[ 0.06832363 -0.06514022 -0.06332543 -0.06502768 -0.06323265 -0.06335694
 -0.06342141 -0.06325302 -0.0652737  -0.0634454  -0.0633663  -0.06323371
 -0.06321989 -0.06320743 -0.0645244  -0.06314635 -0.0645384  -0.06322795
 -0.06320381 -0.06321178  0.42258662  0.42229778  0.42161882  0.4202589
  0.4222582 ]",0.020918787,437
20,10,"[0.00074443 0.00028739 0.00030319 0.00039574 0.00039558 0.00039569
 0.00036273 0.00030886 0.00023836 0.00028655 0.00024677 0.00036278
 0.00039558 0.00035444 0.00036258 0.00027705 0.00035432 0.00036273
 0.00039571 0.00036274 0.00031324 0.00053103 0.00038384 0.00038401
 0.00053086]",0.97903675,440
21,10,"[0.00147381 0.00027431 0.00028927 0.00028923 0.00029025 0.00028435
 0.00027765 0.00028929 0.00027616 0.0002768  0.00028924 0.00028929
 0.00027441 0.00027668 0.00027675 0.00027669 0.00028918 0.00027766
 0.00027958 0.00028926 0.0006125  0.00045045 0.00061862 0.00061853
 0.00045045]",0.97903687,441
22,11,"[ 0.06924754 -0.0635077  -0.06402561 -0.06412003 -0.06409825 -0.06402698
 -0.06369379 -0.06360224 -0.06403447 -0.0640095  -0.0640215  -0.06410126
 -0.064117   -0.064037   -0.06403679 -0.06394446 -0.06403141 -0.06402525
 -0.06402662 -0.06410317  0.4236266   0.42369068  0.423356    0.42276108
  0.4237901 ]",0.020919144,444
23,11,"[0.00071336 0.00031444 0.0003212  0.000321   0.00027377 0.00027207
 0.00032103 0.00028318 0.0003082  0.00030819 0.00034068 0.00027549
 0.00034086 0.0003097  0.00030819 0.00034074 0.00030734 0.00032114
 0.00029627 0.00032101 0.0006289  0.00049955 0.00068039 0.00068039
 0.00049955]",0.97903687,445
24,12,"[ 0.07052673 -0.05288042 -0.06456764 -0.06455678 -0.06456741 -0.06456979
 -0.06455619 -0.06446125 -0.06455885 -0.06455383 -0.06443714 -0.06455458
 -0.06456986 -0.0643594  -0.06455062 -0.06457003 -0.06456173 -0.06455868
 -0.06455671 -0.06455299  0.4232537   0.42333004  0.4231355   0.42179748
  0.42356512]",0.020919085,448
25,12,"[ 0.06755211 -0.06480044 -0.0651083  -0.06303227 -0.06306456 -0.06294216
 -0.06293152 -0.06309149 -0.06277518 -0.06292713 -0.06453869 -0.06273885
 -0.06272545 -0.063068   -0.06538282 -0.06272705 -0.06294872 -0.06275466
 -0.06271614 -0.06275685  0.4217576   0.4208201   0.419056    0.41883928
  0.42090672]",0.020919383,449
26,13,"[-1.7967863e-05  1.4093716e-04  5.1877828e-04  5.0500501e-04
  4.9159699e-04  4.9941725e-04  4.9937784e-04  5.0368236e-04
  4.9932225e-04  5.0485466e-04  5.0476869e-04  5.0375680e-04
  5.0481397e-04  5.0481799e-04  5.0481921e-04  5.0486164e-04
  5.0374289e-04  4.9159251e-04  4.9153494e-04  5.0483417e-04
 -1.1284050e-04 -2.9613881e-04 -9.7581797e-05 -9.7627228e-05
 -2.9597199e-04]",0.9790368,452
27,13,"[ 0.07124185 -0.06368635 -0.06427547 -0.06422655 -0.06424306 -0.06392377
 -0.06325608 -0.06422282 -0.06421361 -0.06425541 -0.06422707 -0.06422646
 -0.06421545 -0.06420334 -0.06422534 -0.06422331 -0.0638611  -0.06421421
 -0.06420876 -0.06325379  0.42371494  0.42362902  0.42340025  0.4223705
  0.4240293 ]",0.020918697,453
28,14,"[ 0.07045624 -0.06348954 -0.06415647 -0.06417806 -0.06414925 -0.06416939
 -0.06414493 -0.06415545 -0.06318568 -0.06318478 -0.06414581 -0.06383366
 -0.06416428 -0.06414799 -0.06415454 -0.06416201 -0.0641271  -0.06414612
 -0.06374891 -0.06415505  0.42359868  0.42349848  0.42329264  0.4223461
  0.42362967]",0.020918816,456
29,14,"[ 1.5351269e-04 -5.3571770e-05  6.4344407e-05  2.2051962e-04
  1.1165661e-03  1.8789194e-04  1.9469051e-04  2.3719316e-04
  3.0599305e-04  1.8786799e-04  2.6246996e-04  1.9473556e-04
  3.0380033e-05  1.8496859e-04  3.0623266e-04  1.8228914e-03
  6.8134497e-05  1.8478039e-04  1.8229347e-03  3.0311610e-05
  2.4067548e-04  1.5790157e-04  3.2938653e-04  3.2936345e-04
  1.5788295e-04]",0.9790368,457
30,15,"[ 0.06648082 -0.06327435 -0.0637506  -0.06372803 -0.06381653 -0.06372629
 -0.06339809 -0.06375517 -0.06376755 -0.06377392 -0.06375912 -0.06375346
 -0.06383991 -0.06338476 -0.0638168  -0.06382991 -0.06376664 -0.0637753
 -0.06382947 -0.06375165  0.4230989   0.42300916  0.4230005   0.42270377
  0.42308125]",0.020918965,460
31,15,"[ 0.06937005 -0.06368814 -0.06414836 -0.06412472 -0.064136   -0.06375335
 -0.06297314 -0.06415348 -0.06411849 -0.06413794 -0.06416048 -0.06413239
 -0.06416939 -0.06413878 -0.06296465 -0.0641481  -0.06415409 -0.06415275
 -0.06413809 -0.06415422  0.42399108  0.42376694  0.42347527  0.42238373
  0.42385095]",0.020918667,461
32,16,"[ 0.0699811  -0.05298851 -0.06443437 -0.06444497 -0.06444192 -0.06445453
 -0.06444558 -0.06444962 -0.06446679 -0.0644678  -0.06456582 -0.06447425
 -0.06445967 -0.06445924 -0.06443309 -0.0644378  -0.06446707 -0.06456308
 -0.0644718  -0.06455116  0.42291972  0.42287228  0.4227526   0.42220673
  0.4232014 ]",0.020918965,464
33,16,"[ 0.0665611  -0.06395525 -0.06393416 -0.0639532  -0.06393896 -0.06392787
 -0.06373627 -0.06394231 -0.06387036 -0.06371793 -0.06373177 -0.06386179
 -0.06393981 -0.06371064 -0.06389122 -0.06393887 -0.06372827 -0.06387213
 -0.06389698 -0.06384726  0.42385486  0.42372036  0.42351112  0.4225666
  0.42410153]",0.020918906,465
34,17,"[ 0.06959742 -0.06434963 -0.05627547 -0.06426759 -0.06427048 -0.0642869
 -0.06432735 -0.06427617 -0.06427844 -0.06434059 -0.06428851 -0.06434341
 -0.06427777 -0.06431873 -0.06426991 -0.06428123 -0.06426519 -0.06429392
 -0.06427696 -0.06438758  0.42306805  0.4229883   0.42279953  0.42235845
  0.42317316]",0.020919144,468
35,17,"[ 0.06901819 -0.05628812 -0.0642531  -0.06432542 -0.06417685 -0.06436542
 -0.06434022 -0.06424604 -0.06415585 -0.0642705  -0.06425577 -0.06425869
 -0.06432252 -0.06424737 -0.06424856 -0.06417833 -0.06429622 -0.06416664
 -0.06428358 -0.0642516   0.4230358   0.4229516   0.42283574  0.42232493
  0.42312783]",0.020919144,469
36,18,"[ 0.07088657 -0.06393978 -0.06404926 -0.06410578 -0.06409837 -0.06405722
 -0.06411639 -0.06396565 -0.06409523 -0.06410003 -0.06402407 -0.06397027
 -0.0640668  -0.06409098 -0.06408745 -0.06407114 -0.0640915  -0.06407702
 -0.06407617 -0.06405483  0.42380407  0.4237334   0.42337424  0.42260495
  0.42384872]",0.020918608,472
37,18,"[0.00089181 0.00029169 0.00032006 0.00032005 0.00029775 0.00029843
 0.00029841 0.00029179 0.00029839 0.00032023 0.00029785 0.00029805
 0.00032012 0.00033166 0.0003201  0.00032029 0.00029841 0.00030709
 0.00033168 0.00030713 0.00057823 0.00044473 0.00064195 0.00064214
 0.00044474]",0.9790367,473
38,19,"[ 0.0712418  -0.06370378 -0.06376123 -0.06415404 -0.06417125 -0.06416458
 -0.06414656 -0.06401473 -0.06415412 -0.06406016 -0.06416652 -0.06409307
 -0.06401321 -0.06415672 -0.06402485 -0.0641889  -0.06413935 -0.06405683
 -0.06408995 -0.06413512  0.4237048   0.42366874  0.42338192  0.4225127
  0.42407092]",0.020918608,476
39,19,"[ 0.06781495 -0.06510711 -0.06369682 -0.06504057 -0.06316562 -0.06317541
 -0.06361541 -0.06322423 -0.06310995 -0.06355598 -0.06325239 -0.06307268
 -0.06356968 -0.06361789 -0.06498247 -0.06357988 -0.06303818 -0.06306063
 -0.06309992 -0.06308907  0.42228517  0.42194098  0.4210814   0.42024165
  0.4217555 ]",0.020918906,477
40,20,"[0.00090445 0.00033204 0.00033128 0.00033124 0.00030293 0.00030286
 0.00033132 0.00022346 0.00033126 0.00024804 0.00041424 0.0002956
 0.00028811 0.00025467 0.00034092 0.0003409  0.00033206 0.00033127
 0.00029565 0.00041424 0.00060402 0.00036536 0.00063102 0.0006317
 0.00036614]",0.9790368,480
41,20,"[-1.2507819e-03 -9.5088332e-04  2.4444822e-03 -9.8784768e-04
 -4.3859964e-04 -2.7360339e-04  6.6153560e-04 -1.3515815e-03
  3.5198207e-04  4.7821456e-04  6.6157425e-04  4.7826589e-04
  6.6184322e-04  2.7120937e-04  5.1573262e-04  6.2436983e-04
  6.2433537e-04 -1.1528387e-03  6.6177687e-04  6.6141901e-04
 -9.2433556e-04 -6.4568034e-05  5.8108760e-04  5.8110664e-04
 -6.4537067e-05]",0.97903717,481
42,21,"[ 0.0697877  -0.063959   -0.06430873 -0.06407723 -0.06385159 -0.06421772
 -0.06420106 -0.06420898 -0.06418898 -0.06424784 -0.06421676 -0.06420295
 -0.06420483 -0.06423972 -0.06211319 -0.06210964 -0.06422453 -0.06422388
 -0.06424852 -0.06411424  0.42361346  0.42359143  0.42334518  0.42216578
  0.42373547]",0.020918846,484
43,21,"[0.00076943 0.00039237 0.00060844 0.00028628 0.00027996 0.00028778
 0.00029953 0.00028628 0.0002863  0.00028618 0.00028778 0.00028628
 0.00028628 0.00028629 0.00031092 0.00028632 0.00028766 0.00028618
 0.00031099 0.00039249 0.00061131 0.00048436 0.00068852 0.00068842
 0.00048434]",0.9790367,485
44,22,"[0.00150898 0.00029048 0.00033704 0.00029047 0.00033723 0.00027898
 0.00028344 0.0002833  0.00033712 0.00033713 0.000337   0.00033713
 0.00033713 0.00029732 0.00029355 0.00033133 0.00030102 0.0003371
 0.00033705 0.00033129 0.0003096  0.00048425 0.00035451 0.00035454
 0.00048433]",0.9790368,488
45,22,"[ 0.06877528 -0.06527897 -0.06512249 -0.06339448 -0.06343011 -0.06320925
 -0.06323086 -0.06322751 -0.06342713 -0.06322862 -0.06343397 -0.06318716
 -0.06321361 -0.06339986 -0.06451335 -0.06450827 -0.06320605 -0.06503471
 -0.0632076  -0.06322772  0.42234322  0.42229754  0.42161724  0.42022005
  0.4222213 ]",0.020918906,489
46,23,"[0.00058425 0.00028801 0.00024128 0.00030109 0.00026186 0.0002872
 0.00051561 0.00029678 0.00036829 0.00033891 0.00033892 0.00033891
 0.00036834 0.00030115 0.00036838 0.00036833 0.00033893 0.00034376
 0.00028721 0.00034381 0.00044857 0.00050578 0.00048918 0.00048911
 0.00050581]",0.9790368,492
47,23,"[ 0.06647771 -0.06391076 -0.0639085  -0.0639046  -0.06390139 -0.06384262
 -0.06383297 -0.06392188 -0.06390013 -0.06389619 -0.06383316 -0.06385212
 -0.0638257  -0.06390658 -0.06390828 -0.06393933 -0.06390923 -0.06392284
 -0.06389144 -0.06393391  0.42412275  0.4240899   0.42353377  0.42268085
  0.42412928]",0.020918936,493
48,24,"[ 0.06176062  0.1274712  -0.07090104 -0.0714677  -0.07145995 -0.07144566
 -0.07090837 -0.07147212 -0.07148505 -0.07145485 -0.07146451 -0.07146215
 -0.07147396 -0.07146636 -0.07090609 -0.07146341 -0.07145637 -0.07146613
 -0.07090743 -0.07145162  0.4158057   0.41487065  0.41434467  0.40527955
  0.4144629 ]",0.02091819,496
49,24,"[ 0.06586174 -0.06388697 -0.06388828 -0.0634955  -0.06378768 -0.06385738
 -0.06382554 -0.06385435 -0.06382079 -0.06377155 -0.06385665 -0.0634939
 -0.06384357 -0.06379303 -0.06386468 -0.06383775 -0.06379624 -0.06386416
 -0.06388554 -0.06384116  0.423651    0.42362452  0.4233576   0.42288458
  0.42364916]",0.020919144,497
50,25,"[ 0.06862845 -0.06343116 -0.06380954 -0.06342662 -0.06349275 -0.06349932
 -0.06347497 -0.06349431 -0.06297628 -0.06348056 -0.06374358 -0.06375256
 -0.06373219 -0.06373857 -0.06373276 -0.06296629 -0.06371986 -0.0637298
 -0.06373178 -0.06348246  0.42299467  0.42246965  0.42229304  0.42011306
  0.42161167]",0.020919114,500
51,25,"[ 0.06872501 -0.06361366 -0.0635484  -0.0636058  -0.06335819 -0.06340596
 -0.06211297 -0.06337776 -0.06211834 -0.06354742 -0.06333096 -0.06316823
 -0.06334739 -0.06318873 -0.06335245 -0.06333819 -0.06333226 -0.06332934
 -0.06335269 -0.06353265  0.4214771   0.4211633   0.42092264  0.41926906
  0.4212253 ]",0.020919025,501
52,26,"[0.00104151 0.0001442  0.00037679 0.00017088 0.00018607 0.00034221
 0.00032513 0.00032944 0.00034718 0.00037677 0.00037678 0.00037677
 0.00034778 0.00037666 0.00037622 0.0006196  0.0001908  0.00033205
 0.00037661 0.00032948 0.00045638 0.00032345 0.00048465 0.00048538
 0.00032345]",0.9790369,504
53,26,"[-1.45732178e-04 -7.37770461e-05  4.31074761e-04  5.29137847e-04
  5.33234735e-04  6.69409987e-04  5.65120718e-04  5.13990410e-04
  4.31036693e-04  4.31085326e-04  5.14143787e-04  4.93618893e-04
  4.31089138e-04  6.41484628e-04  6.45940250e-04  4.31102293e-04
  5.16097585e-04  4.93500964e-04  4.93615284e-04  5.13999723e-04
 -1.44412305e-04 -9.99085605e-05 -1.20175304e-04 -1.20226119e-04
 -9.99147014e-05]",0.97903675,505
54,27,"[ 0.06788393 -0.06482173 -0.0637622  -0.06360029 -0.06479472 -0.06203926
 -0.06361304 -0.06479142 -0.0638977  -0.06373362 -0.06355918 -0.06372398
 -0.06376487 -0.0620923  -0.06389627 -0.06390961 -0.06362073 -0.06390633
 -0.06390081 -0.06390207  0.42303947  0.42296213  0.42256513  0.42072386
  0.42294103]",0.020919144,508
55,27,"[ 0.06999948 -0.06359    -0.06410075 -0.06412201 -0.06404952 -0.06367553
 -0.06411547 -0.06402446 -0.06404433 -0.06411641 -0.06405364 -0.0641133
 -0.06404493 -0.06401106 -0.06405199 -0.06402448 -0.06408077 -0.06405053
 -0.06406081 -0.06417362  0.42375323  0.4237388   0.42328364  0.42273775
  0.4239871 ]",0.020918965,509
56,28,"[ 0.06849345 -0.06339523 -0.06386089 -0.06392644 -0.06409534 -0.06408158
 -0.06396656 -0.06397989 -0.06356286 -0.0639753  -0.06391303 -0.06397735
 -0.06348386 -0.06396851 -0.06396714 -0.06399655 -0.06392118 -0.06409004
 -0.06392068 -0.06397456  0.4235435   0.42347214  0.42337763  0.4227494
  0.42353067]",0.020918906,512
57,28,"[-1.5429114e-05  1.4824490e-04  5.0820666e-04  5.0824159e-04
  5.0821365e-04  5.0548452e-04  5.0815096e-04  5.0821109e-04
  5.0491327e-04  5.0806254e-04  4.8708858e-04  5.0834275e-04
  5.0824869e-04  5.0812494e-04  4.8703153e-04  5.0821266e-04
  5.0806929e-04  5.0808571e-04  5.0812541e-04  4.8698171e-04
 -1.1045797e-04 -2.9982708e-04 -1.1485850e-04 -1.1493938e-04
 -2.9969783e-04]",0.97903687,513
58,29,"[ 0.06926972 -0.06528407 -0.0637853  -0.06339727 -0.06514646 -0.06526208
 -0.06372863 -0.06328015 -0.06374551 -0.0632849  -0.06376727 -0.06323788
 -0.06375749 -0.06325144 -0.06324932 -0.06376728 -0.06327195 -0.06320605
 -0.06328472 -0.06328245  0.42250803  0.42222995  0.42139953  0.42017573
  0.42220196]",0.020919025,516
59,29,"[-0.00119748 -0.00026442 -0.00099188 -0.00098641  0.00077529  0.0007756
  0.00074288  0.00077532 -0.00103743  0.00075887  0.00076763  0.00074091
  0.00076287  0.00077559  0.0007753   0.00076479  0.00077548  0.0007648
  0.00076769  0.0007673  -0.00106445 -0.00060616  0.00026025  0.00026026
 -0.00060617]",0.97903705,517
60,30,"[ 2.09567224e-04  1.13105751e-04  2.09385733e-04  2.42161856e-04
  3.33908363e-04  3.33865988e-04  2.05386896e-04  3.09448340e-04
  3.33882926e-04  3.33862030e-04  4.66830767e-04  5.44015318e-04
  2.71552155e-04  3.09286726e-04  2.91095872e-04  3.09310097e-04
  3.33750795e-04  4.66727739e-04  3.39255639e-04  4.66892816e-04
  1.37781654e-03 -1.08700624e-04 -1.41722296e-04 -1.35638693e-05]",0.97903705,520
61,30,"[-1.3388440e-04 -2.0663557e-04  4.4113910e-04  5.4544583e-04
  5.0713122e-04  5.0712167e-04  5.0708954e-04  5.5626757e-04
  5.0716649e-04  4.4356036e-04  4.1648539e-04  4.1650736e-04
  4.1650157e-04  4.1646077e-04  5.0710631e-04  6.3917029e-04
  5.6302192e-04  5.6840357e-04  5.0709664e-04  5.6841457e-04
 -1.2762961e-04 -1.4690286e-04 -7.6419965e-05 -7.6363853e-05
 -1.4696279e-04]",0.9790368,521
62,31,"[ 0.06813178 -0.06395935 -0.06392499 -0.06396466 -0.06393318 -0.06393335
 -0.06399661 -0.06392875 -0.06394498 -0.06398608 -0.06394663 -0.06394447
 -0.06394497 -0.06397704 -0.06398114 -0.06398121 -0.06397451 -0.06398737
 -0.06399276 -0.06394932  0.42404804  0.42398584  0.4235426   0.42274952
  0.423944  ]",0.020918787,524
63,31,"[ 0.06937177 -0.06382509 -0.06206614 -0.06418318 -0.06391329 -0.06420289
 -0.06419747 -0.06416339 -0.06418893 -0.06415588 -0.06205916 -0.06415117
 -0.06416397 -0.0642186  -0.06415378 -0.06413694 -0.0642301  -0.06415091
 -0.0641924  -0.06414472  0.4236386   0.42353547  0.42335767  0.42217728
  0.42355254]",0.020918906,525
64,32,"[-0.0013481   0.00051262 -0.00111505  0.0004972   0.00049729 -0.00177204
 -0.00100777  0.00108692 -0.00130284 -0.00020516  0.00108693  0.0009953
  0.00108749  0.0004407  -0.00041527 -0.00020498 -0.00041474  0.00044158
  0.00108697  0.00108711  0.00055143  0.00103147  0.00101283  0.00101282
  0.00103152]",0.97903705,528
65,32,"[2.2091412e-04 1.6527518e-04 2.9096182e-04 4.0196523e-04 1.4062636e-04
 1.9249937e-04 3.4646224e-04 2.2114682e-04 3.3354730e-04 2.9465518e-04
 4.0191185e-04 4.0186360e-04 3.4648177e-04 2.4688366e-04 2.9209489e-04
 3.4651204e-04 2.3814286e-04 2.9210150e-04 3.4643942e-04 1.7893332e-04
 1.5753086e-03 8.5203166e-05 5.9867933e-05 1.8798490e-04]",0.9790369,529
66,33,"[0.00103703 0.00031575 0.00028625 0.00016787 0.00035718 0.00039425
 0.00038596 0.0001899  0.00040404 0.00037609 0.00040398 0.00040397
 0.00022697 0.00024414 0.000404   0.00040405 0.00037832 0.00040402
 0.000397   0.00035717 0.00028803 0.00034945 0.0003664  0.00036632
 0.00034941]",0.9790369,532
67,33,"[0.00028863 0.00031436 0.00039682 0.00039698 0.00080947 0.00034192
 0.00039715 0.00036966 0.0003278  0.00032773 0.00022135 0.00031419
 0.00025138 0.00031451 0.00025107 0.00039742 0.00039714 0.00023977
 0.00023969 0.00039679 0.00032873 0.00052735 0.00034682 0.00034683
 0.00052754]",0.9790369,533
68,34,"[0.00077241 0.00038233 0.00038236 0.00038233 0.0002988  0.00027759
 0.00035993 0.00035994 0.00035988 0.00038235 0.00035998 0.00035991
 0.00031411 0.00031415 0.000287   0.00028511 0.0003823  0.00038245
 0.00030208 0.0003021  0.00033183 0.00052843 0.00036608 0.00036614
 0.00052837]",0.9790368,536
69,34,"[ 0.06622577 -0.06370133 -0.06375176 -0.06386118 -0.06388    -0.06389498
 -0.06378186 -0.06372323 -0.06391009 -0.06390499 -0.06386336 -0.06386823
 -0.06388907 -0.06385952 -0.06391186 -0.06386949 -0.06391538 -0.06387123
 -0.06387919 -0.06398739  0.42394608  0.42387196  0.42347586  0.4228927
  0.4240465 ]",0.020918667,537
70,35,"[ 0.07104982 -0.0637956  -0.06379508 -0.06416394 -0.06398606 -0.06398418
 -0.06415582 -0.06415784 -0.06415891 -0.06415591 -0.06415761 -0.06414703
 -0.06415394 -0.0641613  -0.06415678 -0.06399723 -0.0641643  -0.06415663
 -0.06416734 -0.06415512  0.4240471   0.42405227  0.42336044  0.4224555
  0.42401218]",0.020918787,540
71,35,"[3.5142741e-04 8.7936688e-04 4.1740446e-04 2.4687583e-04 2.1799297e-04
 2.2657256e-04 1.0015108e-03 3.0468352e-04 4.1752055e-04 2.2656718e-04
 6.8966532e-05 3.0457339e-04 4.1742675e-04 1.1406746e-04 3.0463032e-04
 4.1744093e-04 4.1744739e-04 2.7489942e-04 3.0468733e-04 2.7485995e-04
 4.1241173e-04 3.6249994e-04 4.4961137e-04 4.4968803e-04 3.6269092e-04]",0.9790369,541
72,36,"[-0.04041845 -0.0403997  -0.0404787  -0.04044671 -0.04041163 -0.04042483
 -0.04038949 -0.04036605 -0.04042082 -0.04043327 -0.0404321  -0.04039933
 -0.04038828 -0.04043543 -0.04040097 -0.0404406  -0.04039336 -0.04043722
 -0.04044573 -0.04035518  0.44359034  0.44495723  0.44448656  0.44106632]",0.020918936,544
73,36,"[ 0.0682344  -0.0617541  -0.06446794 -0.06173771 -0.06446374 -0.06395824
 -0.06400257 -0.06400961 -0.06396891 -0.06433792 -0.06396706 -0.06395309
 -0.0644154  -0.06401274 -0.06392425 -0.06391992 -0.06392747 -0.06392468
 -0.06391947 -0.06392801  0.42350683  0.42323282  0.42307118  0.4215831
  0.42322233]",0.020919144,545
74,37,"[ 0.06950331 -0.05248244 -0.06446783 -0.06445298 -0.06468094 -0.06442611
 -0.06444989 -0.06444498 -0.06447229 -0.06444058 -0.06446843 -0.06445418
 -0.06445926 -0.06467992 -0.06446958 -0.06444404 -0.06444773 -0.06446639
 -0.06445086 -0.06445958  0.4231437   0.42304915  0.42284253  0.422159
  0.4230654 ]",0.020918906,548
75,37,"[0.00150894 0.00033673 0.00033677 0.00029033 0.00029072 0.00028353
 0.00027905 0.00033715 0.00029357 0.00033713 0.00033721 0.00029742
 0.00033715 0.00033673 0.00033718 0.00028347 0.00033729 0.00033127
 0.00033135 0.000301   0.00030952 0.00048436 0.00035456 0.00035458
 0.00048432]",0.97903675,549
76,38,"[0.00083294 0.00023084 0.00027547 0.00023096 0.00023083 0.00028185
 0.00027434 0.00027425 0.00027424 0.00027407 0.00028186 0.00022747
 0.00023106 0.0002742  0.00027397 0.00022746 0.00027417 0.00022744
 0.0002273  0.00027418 0.00162079 0.00018003 0.00010285 0.00023101]",0.979037,552
77,38,"[ 0.07077768 -0.06389545 -0.06373975 -0.06340391 -0.06329985 -0.0641531
 -0.06414711 -0.06413183 -0.06416676 -0.06415006 -0.06415685 -0.06419189
 -0.06415039 -0.06414056 -0.06416034 -0.06411114 -0.06415465 -0.06413022
 -0.06329504 -0.06416618  0.423643    0.42324445  0.42337328  0.42246068
  0.42349923]",0.02091828,553
78,39,"[ 0.16403987  0.16393964  0.15878119  0.16087154  0.16367027  0.15847668
  0.01796505 -0.16917263 -0.20479281 -0.16922194 -0.20484747 -0.16921508
  0.16030003  0.16030508  0.14178741  0.14159662 -0.16922349 -0.16918397
 -0.20485364 -0.20486729  0.16402188  0.16030458  0.16144332  0.16144669
  0.16049118]",0.02091685,556
79,39,"[-0.00030175  0.00057691  0.00044137  0.00042302  0.00044141  0.00056241
  0.00041732  0.00042971  0.00056237  0.00056238  0.00051971 -0.00026524
  0.00042299  0.00056242  0.00041735  0.00051968  0.00056238  0.00056242
  0.00041729  0.00041731 -0.00031957 -0.00012646  0.00011583  0.00011583
 -0.0001265 ]",0.9790369,557
80,40,"[ 0.06639296 -0.0639187  -0.06389894 -0.06394756 -0.06387731 -0.063586
 -0.06394143 -0.06390813 -0.06386311 -0.0635682  -0.06389739 -0.06390542
 -0.06390963 -0.06387655 -0.06384806 -0.06391607 -0.0638422  -0.06388558
 -0.06396186 -0.06392021  0.42381793  0.42384988  0.42342383  0.4229341
  0.423788  ]",0.020918995,560
81,40,"[-9.6232252e-05  8.7937806e-05 -4.4244184e-04  3.7665765e-03
 -1.4466787e-04  9.7783617e-05  1.5285434e-04 -1.4465401e-04
  1.5087222e-04 -1.2862272e-04  1.5279655e-04  1.7929173e-04
  1.5280655e-04  1.8407789e-04  3.7665968e-03  1.5276004e-04
  3.0195125e-04  1.5276985e-04  1.5306316e-04 -1.2866396e-04
 -4.7022622e-05  5.5319484e-05  5.5667653e-05  5.5615237e-05
  5.5328885e-05]",0.9790368,561
82,41,"[ 0.07063248 -0.06363844 -0.06408259 -0.06410505 -0.0637334  -0.06411719
 -0.06412643 -0.06418132 -0.06416604 -0.06410296 -0.0641201  -0.06411054
 -0.06403299 -0.06402908 -0.06407539 -0.06410347 -0.06409648 -0.0641166
 -0.06408278 -0.06410584  0.42381966  0.42372853  0.42333305  0.42267418
  0.42404133]",0.02091828,564
83,41,"[ 4.7602446e-04  3.8979389e-04  3.8603251e-04 -3.7315098e-05
  5.4507190e-04  5.4522150e-04  4.1258088e-04 -2.7215574e-05
  2.5035726e-05  3.6731674e-04  4.6091789e-04  1.9812796e-04
  4.6081131e-04  4.6085013e-04  2.8561425e-04  2.8561789e-04
  1.5905274e-04  4.6091416e-04  4.1228239e-04  2.8569082e-04
  5.8150117e-04  3.4756158e-04  6.1806291e-04  6.1796012e-04
  3.4759496e-04]",0.9790368,565
84,42,"[ 0.06995323 -0.06393849 -0.06392133 -0.06393543 -0.06389278 -0.06465122
 -0.06382392 -0.06446867 -0.06377697 -0.0638051  -0.0638134  -0.06392848
 -0.0639322  -0.06384028 -0.06376635 -0.06394179 -0.06381966 -0.06380978
 -0.06383682 -0.06322964  0.4231894   0.42311072  0.42294902  0.42107046
  0.42319587]",0.020919502,568
85,42,"[0.00072214 0.00042179 0.00012236 0.00016263 0.00037157 0.00016522
 0.00018392 0.00037155 0.0003716  0.00042201 0.00029257 0.0003716
 0.00017342 0.00044118 0.00042191 0.00038961 0.00045151 0.00029942
 0.00037159 0.00066977 0.00041718 0.00042693 0.0004303  0.0004304
 0.00042697]",0.97903675,569
86,43,"[-0.00338811 -0.00300909  0.00091172  0.00091188 -0.00267589  0.00091182
  0.00091184 -0.00241703  0.00047726  0.00077728  0.00077721  0.00082904
  0.00068331  0.00091166  0.00077732 -0.00189112  0.00068336  0.00081199
  0.00075571  0.00077722 -0.00207983  0.00011193  0.00081977  0.00081982
  0.00011198]",0.97903734,572
87,43,"[0.00063268 0.00122992 0.00024778 0.00024781 0.00024775 0.00024786
 0.00024777 0.00023499 0.00024779 0.00024774 0.00024782 0.00024785
 0.00024785 0.00023507 0.00023501 0.00023304 0.00023309 0.00023313
 0.00117108 0.00024783 0.00052343 0.00045656 0.00045882 0.00045875
 0.0004566 ]",0.9790368,573
88,44,"[ 3.50171758e-04 -4.88385558e-06  1.42617384e-04  2.86888215e-04
  2.55623512e-04  2.26633274e-04  3.28396331e-04  2.55548861e-04
  3.28353228e-04  3.28428810e-04  1.38187397e-03  2.26687494e-04
  1.13617600e-04  2.55603663e-04  1.38185651e-03  1.03573926e-04
  2.86923809e-04  2.55496561e-04  2.26664168e-04  2.26592369e-04
  4.19600023e-04  3.89650580e-04  4.73495864e-04  4.73435095e-04
  3.89592082e-04]",0.97903675,576
89,44,"[ 0.06288912  0.12710151 -0.07199216 -0.07198076 -0.07198094 -0.07197709
 -0.07199409 -0.07197558 -0.07198793 -0.07060833 -0.07196199 -0.07199204
 -0.07196251 -0.07196789 -0.07199854 -0.07200061 -0.0719938  -0.0719759
 -0.07059789 -0.07199478  0.41568625  0.4155975   0.41466883  0.41260085
  0.41505042]",0.02091819,577
90,45,"[ 0.06954315 -0.0652263  -0.06354575 -0.06352282 -0.06491476 -0.06320206
 -0.06324852 -0.06317402 -0.06348678 -0.06314001 -0.06371874 -0.06312628
 -0.06311594 -0.06372454 -0.06533484 -0.0631371  -0.06408826 -0.06316614
 -0.06312682 -0.06408703  0.42270157  0.42184862  0.42128035  0.41964883
  0.4218761 ]",0.020919204,580
91,45,"[0.00018321 0.00055945 0.00029007 0.00044415 0.0001665  0.00046161
 0.00070373 0.00035466 0.00035525 0.0001961  0.00030655 0.00046155
 0.00051966 0.00044403 0.00044419 0.00035279 0.00044421 0.00036656
 0.00036644 0.00051963 0.00011558 0.00024079 0.00026546 0.00026563
 0.00024082]",0.9790368,581
92,46,"[-0.04058274 -0.04056452 -0.04055156 -0.04056661 -0.04052654 -0.04059492
 -0.04052139 -0.04048728 -0.04054882 -0.04056103 -0.04051619 -0.04055638
 -0.04057284 -0.04048988 -0.04056659 -0.03927888 -0.04054865 -0.03924631
 -0.04054647 -0.04057233  0.44311485  0.44445327  0.44438046  0.44227442]",0.020918548,584
93,46,"[0.00065226 0.0003796  0.00037941 0.0002218  0.00022888 0.00037953
 0.00026224 0.00030717 0.00041829 0.00028794 0.00029939 0.0002879
 0.00031435 0.00041821 0.0003194  0.00041831 0.00031947 0.00041833
 0.0002879  0.00037927 0.00052146 0.00050714 0.00053217 0.00053215
 0.00050733]",0.97903675,585
94,47,"[ 0.07079881 -0.06369508 -0.06381859 -0.06382947 -0.06383879 -0.06356091
 -0.06372064 -0.0638099  -0.0638105  -0.06382932 -0.06353892 -0.06380719
 -0.06380816 -0.06382175 -0.06380153 -0.06381053 -0.06380439 -0.06379526
 -0.06377981 -0.06382449  0.42339602  0.42298913  0.4226299   0.42021722
  0.4224788 ]",0.020918965,588
95,47,"[ 0.06205413  0.12864009 -0.07180706 -0.07180829 -0.0718101  -0.07180414
 -0.0718221  -0.07178512 -0.07178437 -0.07181532 -0.07181765 -0.07182321
 -0.071839   -0.07179056 -0.07181664 -0.0717923  -0.07181204 -0.07181949
 -0.07179887 -0.07177462  0.41577917  0.41563484  0.41474527  0.41126782
  0.4151661 ]",0.0209184,589
96,48,"[0.00055704 0.00104219 0.00025076 0.00021192 0.00026035 0.00024832
 0.00024846 0.00026039 0.00026407 0.00026598 0.00026034 0.00026551
 0.00025996 0.00026028 0.0003378  0.00113119 0.00025572 0.00026022
 0.00026032 0.00025546 0.00043536 0.0004775  0.00049939 0.000499
 0.00047752]",0.97903687,592
97,48,"[0.00061962 0.0006202  0.00029211 0.00032264 0.00032265 0.00032262
 0.00032275 0.00032269 0.00038787 0.00032265 0.00032263 0.00032263
 0.00032264 0.00032268 0.00032266 0.00038782 0.00031459 0.0003227
 0.00035337 0.0003534  0.00051728 0.0004895  0.00051396 0.0005139
 0.00048942]",0.9790369,593
98,49,"[ 0.06911605 -0.05629027 -0.06425872 -0.06427985 -0.06429315 -0.0642847
 -0.06435038 -0.06429632 -0.06434385 -0.06430213 -0.0642957  -0.06429361
 -0.06426858 -0.06431627 -0.06435038 -0.06428765 -0.0643595  -0.06429336
 -0.06430345 -0.06427674  0.42319173  0.42317447  0.42282596  0.42234153
  0.42341965]",0.020919204,596
99,49,"[ 0.06626768 -0.06381918 -0.06380988 -0.06383203 -0.06382509 -0.06383243
 -0.063806   -0.06404291 -0.06383738 -0.06384814 -0.06385747 -0.06380244
 -0.06385677 -0.06383862 -0.06384584 -0.06384525 -0.06387518 -0.0638081
 -0.06409993 -0.06387077  0.42404425  0.42391938  0.4235677   0.42263302
  0.42408136]",0.020918697,597
100,50,"[ 0.07118678 -0.06368354 -0.06410755 -0.0642035  -0.06409217 -0.06414083
 -0.06411225 -0.06368322 -0.06413765 -0.06413969 -0.06294913 -0.06295823
 -0.06416065 -0.06407465 -0.06413472 -0.06413063 -0.06414775 -0.06411289
 -0.06415191 -0.06412651  0.42339742  0.42312962  0.42316797  0.4223456
  0.4232287 ]",0.020918518,600
101,50,"[ 0.0663444  -0.06397651 -0.06394405 -0.0638608  -0.06401163 -0.06401444
 -0.06390534 -0.06343677 -0.06399653 -0.06402213 -0.06386166 -0.06386087
 -0.06344406 -0.06388588 -0.06387031 -0.0637918  -0.06348994 -0.06349515
 -0.0637889  -0.06387767  0.4237384   0.4235714   0.4233762   0.42226624
  0.42383024]",0.020918936,601
102,51,"[ 0.06663642 -0.06378152 -0.06390704 -0.06393794 -0.06378995 -0.06389732
 -0.06393196 -0.0638988  -0.06390139 -0.06374978 -0.06393255 -0.06393731
 -0.06393011 -0.06391599 -0.06392613 -0.06392999 -0.06390067 -0.06392767
 -0.06393047 -0.06388628  0.42397028  0.4239305   0.4235498   0.42284703
  0.42417794]",0.020918727,604
103,51,"[ 0.06945864 -0.05242586 -0.06445287 -0.06448899 -0.06444409 -0.06444162
 -0.06447185 -0.06445845 -0.06469666 -0.06449014 -0.06445949 -0.06447098
 -0.06445163 -0.06445501 -0.064466   -0.06469031 -0.06448305 -0.06451347
 -0.06445961 -0.06448196  0.4230978   0.42302698  0.42287707  0.42210725
  0.42342132]",0.020918965,605
104,52,"[ 0.07014275 -0.06408989 -0.0638698  -0.06383462 -0.06383645 -0.06385311
 -0.06331265 -0.06473972 -0.0638221  -0.06385636 -0.06385503 -0.06386469
 -0.06383396 -0.06384105 -0.06384618 -0.06385209 -0.06381565 -0.06385021
 -0.06382354 -0.06453948  0.42335796  0.4231643   0.4228269   0.42102423
  0.42311925]",0.020919025,608
105,52,"[ 0.06673809 -0.062929   -0.06367274 -0.0628907  -0.06292686 -0.06289922
 -0.06275979 -0.06218134 -0.06293591 -0.06286902 -0.0629097  -0.06292524
 -0.06435009 -0.06435938 -0.06293204 -0.06434874 -0.06256007 -0.06437873
 -0.0643515  -0.06435607  0.4217536   0.4209864   0.42013076  0.4187874
  0.42123333]",0.020919204,609
106,53,"[0.0006147  0.0011873  0.0002444  0.00023514 0.00023433 0.00024458
 0.00025247 0.0002445  0.00023511 0.00024447 0.00024443 0.00024453
 0.00024451 0.00114151 0.0002444  0.00026292 0.00023437 0.00026297
 0.0002445  0.00024458 0.0005219  0.00047775 0.00048129 0.0004813
 0.00047767]",0.9790369,612
107,53,"[-1.7094264e-03 -7.6819118e-04 -2.1620523e-05 -2.1775982e-04
 -3.0448381e-04  3.6619784e-04 -2.1610584e-05  3.9026870e-03
 -8.4109604e-05 -1.5973898e-04  3.3475822e-03  2.9984873e-04
  5.2204865e-05  6.6926016e-04  3.6631609e-04  6.6919264e-04
 -8.4141444e-05  2.9972265e-04  6.6922285e-04  6.6944055e-04
 -9.6398982e-04 -1.4941602e-04 -4.5987818e-04 -4.5987923e-04
 -1.4954126e-04]",0.9790368,613
108,54,"[ 0.07014625 -0.06409808 -0.06409821 -0.06409778 -0.06396561 -0.06398755
 -0.06400158 -0.06395642 -0.06396829 -0.06399109 -0.06401695 -0.06402202
 -0.06400012 -0.06374528 -0.06372351 -0.06401283 -0.06402043 -0.06402978
 -0.06401249 -0.06401434  0.42377225  0.4235408   0.42341304  0.42248318
  0.42350993]",0.020918995,616
109,54,"[0.00092494 0.00035082 0.00027441 0.00031368 0.00034015 0.00035077
 0.00035074 0.00035076 0.00035075 0.00035078 0.00034021 0.00034019
 0.00030896 0.0003587  0.00031651 0.00032591 0.00035541 0.00031693
 0.00034017 0.0003507  0.00032308 0.00050562 0.00037532 0.00037533
 0.00050569]",0.9790368,617
110,55,"[0.00082185 0.00025216 0.00022526 0.0002133  0.00030549 0.00033464
 0.0002745  0.00033474 0.00045789 0.00054313 0.00045789 0.00034304
 0.00031812 0.0003065  0.00031812 0.00029562 0.00029168 0.00045787
 0.00045767 0.00031813 0.00028571 0.00051436 0.00041393 0.00041392
 0.00051437]",0.9790368,620
111,55,"[0.00055695 0.00104213 0.00025091 0.00021177 0.00026035 0.00024832
 0.00024862 0.00026013 0.00026393 0.00026604 0.00026033 0.00026579
 0.00026018 0.00026023 0.00033765 0.00113105 0.00025564 0.00026031
 0.00026021 0.00025566 0.00043519 0.00047739 0.00049924 0.00049961
 0.0004774 ]",0.97903675,621
112,56,"[-6.0785346e-04  8.9115929e-04 -2.1722401e-05  4.6878908e-04
  4.9499079e-04  4.2881933e-05  6.1746460e-04  5.9928698e-04
  6.1335880e-04  4.6879752e-04  6.3218386e-04  6.7087275e-04
  6.3776359e-04  6.3781778e-04  6.3772616e-04  4.6875409e-04
  5.2376679e-05  5.8503973e-04  4.6876597e-04  6.3784514e-04
 -5.9807108e-04 -3.4747849e-04 -2.5851565e-05 -2.5834714e-05
 -3.4747430e-04]",0.9790369,624
113,56,"[0.0007589  0.00035633 0.00031905 0.0003243  0.00032495 0.0003252
 0.00032861 0.00032503 0.00031932 0.00029554 0.00032499 0.00032454
 0.00029533 0.00029532 0.00032314 0.00029531 0.00033165 0.00032504
 0.00032431 0.00032453 0.00066252 0.00041908 0.00063867 0.00063887
 0.0004191 ]",0.97903675,625
114,57,"[ 0.07075463 -0.06393626 -0.06409671 -0.06410392 -0.06395576 -0.06397822
 -0.0640763  -0.06408345 -0.06408107 -0.06410041 -0.06408586 -0.06407642
 -0.064094   -0.06409041 -0.06409664 -0.06410287 -0.06409886 -0.06409192
 -0.06409448 -0.06407917  0.4238376   0.42376754  0.4233657   0.42264432
  0.42407995]",0.020918638,628
115,57,"[-0.00279504 -0.00206984 -0.00229953  0.00034745  0.00136465  0.00166162
 -0.00154325 -0.00229868  0.00166156  0.00166158  0.00166154  0.00166157
  0.0013974   0.00117032  0.00166165  0.00166147  0.00166158  0.00166151
  0.00117022 -0.00156244 -0.00117803 -0.00137171 -0.00069362 -0.00069361
 -0.00137183]",0.9790372,629
116,58,"[ 0.07085532 -0.05252996 -0.06457171 -0.06436845 -0.06457271 -0.06460426
 -0.06457647 -0.06458099 -0.06457856 -0.06460004 -0.06456176 -0.06457368
 -0.06458316 -0.06457655 -0.06457548 -0.06457892 -0.0645836  -0.06458627
 -0.06458151 -0.06455272  0.4233013   0.4233296   0.42309594  0.4217859
  0.42345262]",0.02091828,632
117,58,"[ 0.06707969 -0.06476338 -0.06275398 -0.06471893 -0.06271455 -0.0627429
 -0.06275854 -0.06297658 -0.0627255  -0.06275761 -0.06477395 -0.06275475
 -0.06275469 -0.06277059 -0.06534466 -0.06273946 -0.06278446 -0.06276438
 -0.06275683 -0.0627102   0.4220668   0.4204145   0.41887683  0.4181709
  0.42036375]",0.020919353,633
118,59,"[ 0.0691091  -0.0636328  -0.06339891 -0.06409575 -0.06401536 -0.06359527
 -0.06405544 -0.06403072 -0.06401667 -0.06400627 -0.06409191 -0.0640083
 -0.06401803 -0.06396963 -0.06401895 -0.06401813 -0.06402396 -0.06401582
 -0.06403643 -0.06401809  0.42359045  0.42366162  0.42347404  0.4227141
  0.423668  ]",0.020919174,636
119,59,"[ 0.07120672 -0.06402258 -0.06409385 -0.06409819 -0.06401767 -0.0640552
 -0.06412286 -0.06403285 -0.06410116 -0.06409627 -0.06411166 -0.06413922
 -0.06410825 -0.06408057 -0.06402868 -0.0640128  -0.06410421 -0.06409945
 -0.06400906 -0.0640966   0.42376155  0.4236856   0.42335746  0.42247424
  0.42406654]",0.020919025,637
120,60,"[ 0.06227705  0.12838934 -0.07171644 -0.07186864 -0.07177881 -0.07184499
 -0.07187022 -0.07197533 -0.07173592 -0.07165387 -0.07189225 -0.07164504
 -0.07185287 -0.07186521 -0.07186734 -0.07196245 -0.07173432 -0.07186204
 -0.07174814 -0.07177801  0.41572315  0.4156186   0.41473043  0.4113907
  0.41512835]",0.02091822,640
121,60,"[ 3.3546938e-04  7.9084851e-04  5.9009006e-05  2.6906913e-04
 -1.7615646e-05  2.1020269e-04  2.6911177e-04  2.2168203e-04
  1.9876516e-04  4.7672019e-04  4.7631725e-04  4.7673809e-04
  3.0733229e-04  3.4223509e-04  2.2168142e-04  3.1401095e-04
  4.7674112e-04  3.2401888e-04  3.3627386e-04  8.8267983e-04
  3.9679275e-04  3.5863224e-04  4.5350683e-04  4.5349321e-04
  3.5838055e-04]",0.9790368,641
122,61,"[0.00038386 0.00026047 0.00042886 0.00042874 0.00042878 0.00036275
 0.00033867 0.00037129 0.00037359 0.00027901 0.00031616 0.00034093
 0.00037352 0.00038864 0.00037357 0.00042882 0.00033391 0.00032389
 0.00042878 0.00032394 0.00035475 0.00046957 0.00035983 0.00035985
 0.00047185]",0.9790368,644
123,61,"[ 0.07106572 -0.06470166 -0.06406826 -0.06448597 -0.06407128 -0.06408175
 -0.0618655  -0.06406824 -0.06409162 -0.06403362 -0.06459008 -0.06462802
 -0.06407155 -0.06410335 -0.0641534  -0.06407128 -0.06406313 -0.06409018
 -0.06407338 -0.06185863  0.42346755  0.4232449   0.42287222  0.42132238
  0.42328984]",0.020918846,645
124,62,"[ 0.16415893  0.16387552  0.1589074   0.16082002  0.1636317   0.15849979
  0.01791185 -0.16921684 -0.20478809 -0.16920331 -0.20488566 -0.16923934
  0.1602786   0.1602488   0.14172354  0.14174324 -0.16927417 -0.16916338
 -0.204826   -0.2048181   0.1640087   0.16042921  0.16138175  0.16139233
  0.16046569]",0.020917058,648
125,62,"[-0.00140964 -0.00024539  0.00101836 -0.00071934  0.00092262  0.00086392
 -0.00071934  0.00101836 -0.00124241  0.00093633  0.00101837  0.00101836
  0.0009114  -0.00124274  0.00098728  0.00101377  0.00101833  0.00095398
  0.00101836  0.00095412 -0.00116561 -0.00063031 -0.00060377 -0.00060369
 -0.00063037]",0.97903705,649
126,63,"[-2.3828099e-05  2.2841361e-04  3.6723251e-04  6.8879360e-04
  9.8534627e-05  2.3220690e-04  9.8576929e-05  3.2170478e-04
  6.8875385e-04  2.4033457e-04  3.6718772e-04  2.4049715e-04
  3.2169619e-04  3.6727387e-04  1.0019826e-04  2.7146676e-04
  3.0340350e-04  3.0212599e-04  3.6726170e-04  2.7164296e-04
  1.4108925e-03 -1.1128024e-04 -9.8076329e-05  2.9963296e-05]",0.9790369,652
127,63,"[ 0.06588408 -0.06406292 -0.06362569 -0.06178638 -0.06360548 -0.06400947
 -0.06350813 -0.06380832 -0.06420594 -0.06380614 -0.06371886 -0.06361353
 -0.06375508 -0.0618015  -0.06380478 -0.06422853 -0.06349363 -0.06423849
 -0.06351913 -0.06349593  0.4226931   0.4226488   0.4225736   0.42075095
  0.42272666]",0.020918995,653
128,64,"[ 0.06946693 -0.06391661 -0.0638907  -0.06384651 -0.06401217 -0.06399177
 -0.06408319 -0.06403336 -0.0640133  -0.06403469 -0.06407124 -0.06406024
 -0.0638252  -0.06408066 -0.0640678  -0.06406429 -0.06386508 -0.06405652
 -0.06408358 -0.06405713  0.42381853  0.423768    0.42338842  0.42276773
  0.4238843 ]",0.020918906,656
129,64,"[-5.7157205e-04  3.2429933e-05  5.6506827e-04 -7.4364175e-04
 -2.6620232e-04  4.1573873e-04  4.8011087e-04  1.9228809e-03
 -2.6623445e-04  4.1571778e-04  4.8009556e-04 -4.5877285e-05
  5.6513783e-04  5.6510320e-04  4.7362491e-04  5.6511338e-04
  5.6509371e-04  5.6508445e-04  4.7365821e-04 -3.6523928e-04
 -4.4703443e-04 -2.8298533e-04  3.7906965e-04  3.7904808e-04
 -2.8299721e-04]",0.97903687,657
130,65,"[-5.1202980e-04 -6.9923815e-04  2.5660839e-04  4.8278752e-04
 -1.6891076e-04  6.1475788e-04 -4.2628022e-04 -4.6617899e-04
 -2.4001843e-04 -3.8562543e-04  6.0605671e-04  1.3996472e-04
  1.3993181e-04 -2.4001162e-04  1.3994689e-04  6.0978410e-04
  6.0605980e-04  6.1169191e-04  6.1171968e-04 -6.3978267e-05
  3.3412746e-04  6.4033782e-04  6.9985504e-04  6.9983135e-04
  6.4031797e-04]",0.9790371,660
131,65,"[ 0.06955208 -0.05289009 -0.0644901  -0.06450247 -0.06451903 -0.06448337
 -0.06447691 -0.06450941 -0.06450441 -0.06439997 -0.06451877 -0.06450982
 -0.06428677 -0.06452237 -0.06451152 -0.06452169 -0.06451019 -0.06451931
 -0.06460885 -0.06440406  0.42315242  0.42315173  0.42272112  0.42239603
  0.4231852 ]",0.020919025,661
132,66,"[ 0.06859159 -0.06321573 -0.06389008 -0.06389285 -0.06317784 -0.06387991
 -0.06388785 -0.06317261 -0.06387901 -0.06390676 -0.06388095 -0.06388004
 -0.06386594 -0.06390174 -0.06386502 -0.06351325 -0.06343848 -0.0638808
 -0.06388265 -0.06390968  0.4228777   0.42287934  0.4228799   0.42205617
  0.4229571 ]",0.020919025,664
133,66,"[-5.7188439e-04  3.2087206e-05  5.6472671e-04 -7.4391882e-04
 -2.6674883e-04  4.1523960e-04  4.8305772e-04  1.9224539e-03
 -2.6664115e-04  4.1521521e-04  4.8310816e-04 -4.6310961e-05
  5.6475186e-04  5.6472584e-04  4.7319249e-04  5.6466187e-04
  5.6472316e-04  5.6472403e-04  4.7652825e-04 -3.6553142e-04
 -4.4741883e-04 -2.8339698e-04  3.7869386e-04  3.7861813e-04
 -2.8346351e-04]",0.9790369,665
134,67,"[ 0.07013752 -0.05294558 -0.06447034 -0.06449164 -0.06449366 -0.06448506
 -0.06454754 -0.06422469 -0.06447594 -0.06444783 -0.06445922 -0.06455947
 -0.0644729  -0.06444376 -0.0644694  -0.06449185 -0.06447747 -0.06449091
 -0.06444763 -0.06451393  0.42316973  0.42302594  0.42321655  0.42182395
  0.42317602]",0.020918578,668
135,67,"[ 0.06814427 -0.06401155 -0.06381889 -0.06380972 -0.06401081 -0.06402937
 -0.0640207  -0.0637541  -0.06402221 -0.06398048 -0.06398292 -0.06400155
 -0.06399357 -0.06401017 -0.0637915  -0.06401829 -0.06399648 -0.06400215
 -0.06380568 -0.06397801  0.42380038  0.4237637   0.42340064  0.4228541
  0.42407387]",0.020918429,669
136,68,"[ 0.07055251 -0.05322707 -0.0646401  -0.06464887 -0.06466988 -0.06466877
 -0.06330843 -0.06464217 -0.0646684  -0.06466549 -0.0633346  -0.06478319
 -0.06475601 -0.06466876 -0.06478623 -0.06471616 -0.06467543 -0.06464678
 -0.06467493 -0.06472747  0.4229614   0.42294988  0.42242286  0.42199174
  0.42443505]",0.020918965,672
137,68,"[ 0.07110159 -0.06378599 -0.0637646  -0.06412922 -0.06412036 -0.06412203
 -0.06394231 -0.06413037 -0.06415818 -0.06413292 -0.06412522 -0.06416728
 -0.06414299 -0.06411939 -0.06413145 -0.06412429 -0.06393907 -0.06417439
 -0.06412958 -0.06398127  0.42376462  0.42373586  0.42338678  0.4224661
  0.42408568]",0.020918608,673
138,69,"[ 0.07086755 -0.06329088 -0.06388649 -0.06387448 -0.06400846 -0.06391449
 -0.06353843 -0.06399863 -0.06392433 -0.0638857  -0.0639132  -0.06390524
 -0.0639154  -0.06392207 -0.0634803  -0.06399991 -0.06391437 -0.06392875
 -0.06388773 -0.06391048  0.42279485  0.42275596  0.42273182  0.4222911
  0.42282692]",0.020918578,676
139,69,"[0.00060297 0.00100166 0.00032048 0.00032041 0.0002145  0.00032041
 0.00032046 0.00021449 0.00017397 0.00021445 0.00020991 0.00113068
 0.00026545 0.0002099  0.00022335 0.00020994 0.0002654  0.00032047
 0.00032046 0.00021559 0.00055314 0.00042887 0.00050261 0.00050257
 0.00042891]",0.9790368,677
140,70,"[ 0.06813771 -0.06389888 -0.06390034 -0.06386834 -0.06387664 -0.06397447
 -0.06397514 -0.06395674 -0.06397435 -0.0639717  -0.06384494 -0.06398124
 -0.0639888  -0.06391355 -0.06393414 -0.06397173 -0.06390634 -0.0639861
 -0.06381657 -0.06392905  0.4238379   0.42375568  0.42346066  0.42254677
  0.42408374]",0.020918787,680
141,70,"[-3.7256771e-04 -2.1940120e-04 -4.2319580e-04  4.8393218e-04
  8.3170086e-04 -4.6558067e-05 -3.9625369e-04  3.1518587e-04
  4.8410872e-04 -4.4784794e-04 -6.2011561e-05  4.5598843e-04
  4.3802499e-04  1.6894049e-04  2.3987443e-04  5.9553550e-04
  5.4367195e-04  6.7525095e-04  5.9543090e-04  5.3511298e-04
 -1.9902035e-04  5.7123776e-04  6.5243657e-04  6.5245887e-04
  5.7129504e-04]",0.9790369,681
142,71,"[ 0.06660944 -0.06388628 -0.06385843 -0.06387305 -0.06389713 -0.06386
 -0.06392273 -0.06387491 -0.06390604 -0.0639067  -0.06389911 -0.06390774
 -0.06386472 -0.06384786 -0.06391082 -0.06390301 -0.06389228 -0.06389983
 -0.06387595 -0.06388273  0.4239646   0.42387134  0.42355663  0.42272553
  0.42424276]",0.020918638,684
143,71,"[0.0006566  0.00029002 0.00022546 0.00027406 0.00025556 0.00034148
 0.00030866 0.00029402 0.00043561 0.00026549 0.0003413  0.0003413
 0.00027103 0.00025553 0.0002827  0.00043562 0.00027121 0.00043591
 0.00034167 0.00034137 0.00058754 0.00051741 0.00066813 0.0006681
 0.00051739]",0.97903687,685
144,72,"[-0.04043545 -0.04024488 -0.04042929 -0.04041201 -0.0404497  -0.04042391
 -0.04042871 -0.04046576 -0.04043046 -0.04045469 -0.04043034 -0.04027022
 -0.04039163 -0.04044999 -0.04018436 -0.04033382 -0.04038208 -0.04041721
 -0.04038004 -0.04043053  0.44321346  0.44458982  0.44477183  0.44109344]",0.020918429,688
145,72,"[ 0.06595833 -0.0639139  -0.06391472 -0.06376104 -0.06393577 -0.06393225
 -0.06393063 -0.06375891 -0.06377907 -0.0639023  -0.0639243  -0.06391899
 -0.0639167  -0.06376643 -0.06393215 -0.06390965 -0.06393915 -0.06377184
 -0.06393047 -0.06376725  0.42405453  0.42405567  0.42330435  0.42290065
  0.42406994]",0.020918787,689
146,73,"[ 0.07123971 -0.06393127 -0.06362021 -0.06420806 -0.06421246 -0.06422272
 -0.06383651 -0.06323531 -0.06421082 -0.06422129 -0.06323388 -0.06421116
 -0.06423947 -0.06421573 -0.06421317 -0.06420399 -0.06421444 -0.06421301
 -0.06420732 -0.06420884  0.4238117   0.42353502  0.42338786  0.42235893
  0.4237354 ]",0.020918936,692
147,73,"[ 0.06778527 -0.06513373 -0.06364904 -0.06508166 -0.06318948 -0.0631989
 -0.0635839  -0.0632024  -0.06309184 -0.06359065 -0.06318125 -0.06309427
 -0.06359362 -0.06358011 -0.06499536 -0.06358335 -0.06308945 -0.06307547
 -0.0631014  -0.06307394  0.42234227  0.4219843   0.4210842   0.42023847
  0.42172033]",0.020919085,693
148,74,"[-1.2610057e-04 -1.1811883e-04  5.2375358e-04  5.2501523e-04
  5.2502158e-04  5.5109314e-04  5.1856949e-04  5.0769869e-04
  5.2499422e-04  5.1547558e-04  5.1315583e-04  5.2500836e-04
  5.5451028e-04  5.2553287e-04  5.2499457e-04  5.2499142e-04
  5.1372754e-04  5.1917415e-04  5.2500295e-04  5.1861152e-04
 -2.7424359e-04 -2.9376725e-04 -8.0755446e-05 -8.1317790e-05
 -2.9375526e-04]",0.9790369,696
149,74,"[ 0.06987192 -0.06390481 -0.06405294 -0.06390956 -0.06408554 -0.06406188
 -0.06397046 -0.06408371 -0.06408209 -0.06408603 -0.0640966  -0.0641065
 -0.06409329 -0.06404078 -0.06407312 -0.06410031 -0.06404768 -0.0640735
 -0.06393979 -0.06407747  0.4239904   0.42388016  0.42341644  0.42272905
  0.424106  ]",0.020919025,697
