,Weights of regression,Bias of regression,Graph_index
0,"[ 0.1182967  -0.06619944 -0.06615967 -0.06622136 -0.0661895  -0.06621099
 -0.06619421 -0.06621399 -0.06618681 -0.06621201 -0.06621568 -0.0662154
 -0.06621695 -0.06622428 -0.06622012 -0.06621814 -0.06621394 -0.06619007
 -0.06620008 -0.0662302   0.42204058  0.4221167   0.42267466  0.42214844
  0.42284405]",0.019827664,400
1,"[ 0.12056437 -0.06465124 -0.06511539 -0.06480879 -0.0667276  -0.06480666
 -0.06479881 -0.06481156 -0.06480428 -0.06480955 -0.06481829 -0.0647915
 -0.0648175  -0.06479632 -0.06480533 -0.06479717 -0.06479207 -0.06482185
 -0.06479953 -0.06479931  0.4218112   0.42111722  0.4001623   0.418022
  0.41933638]",0.01982826,405
2,"[-0.00020728 -0.00064431  0.00040602  0.0004709   0.0003768   0.00037683
  0.00037676  0.00047097  0.00044268  0.00034687  0.0003768   0.00047087
  0.00034693  0.00040035  0.00034698  0.00040034  0.00044138  0.00047093
  0.00040034  0.00034683 -0.00013877 -0.00081874 -0.00075896 -0.00075897
 -0.00081885]",0.9801282,410
3,"[ 0.12059369 -0.06605376 -0.06632915 -0.06633137 -0.06639353 -0.06631165
 -0.06635544 -0.06633702 -0.06632585 -0.06607258 -0.06632676 -0.06631967
 -0.06631378 -0.06631032 -0.06632411 -0.06636958 -0.06635079 -0.06632549
 -0.06638353 -0.06634291  0.42203853  0.42204782  0.42265788  0.42202324
  0.4227458 ]",0.019827664,415
4,"[5.8056525e-04 1.7673429e-04 1.7879589e-05 7.0434879e-05 3.0122671e-04
 1.9388442e-04 7.9707173e-04 2.8000967e-04 2.3997723e-04 2.9866840e-04
 2.8187883e-04 2.7838832e-04 2.7842144e-04 2.7848047e-04 2.7938274e-04
 2.7842223e-04 7.9707033e-04 2.9868158e-04 2.8184251e-04 2.3995803e-04
 3.4252650e-04 3.0430668e-04 3.1167877e-04 3.1177251e-04 3.0428695e-04]",0.9801278,420
5,"[ 0.12129248 -0.06507599 -0.06630033 -0.06640384 -0.06507508 -0.06639939
 -0.06640726 -0.06637072 -0.06640536 -0.06639505 -0.06643131 -0.06639098
 -0.06638925 -0.06646121 -0.06639619 -0.06644697 -0.06640599 -0.06640039
 -0.066401   -0.06640403  0.4217675   0.4217492   0.4222614   0.42157814
  0.42234546]",0.019827366,425
6,"[ 0.12098682 -0.06552066 -0.06634619 -0.06635083 -0.06630883 -0.06634763
 -0.06629577 -0.06632372 -0.06633249 -0.06631378 -0.06602796 -0.06605159
 -0.06632715 -0.0663255  -0.06634418 -0.06634385 -0.06634745 -0.06630776
 -0.06634173 -0.0663523   0.42200106  0.42201722  0.42195326  0.42191213
  0.42220452]",0.019827515,430
7,"[-0.00217666 -0.00030919  0.00010831 -0.00046232  0.00095911 -0.00029641
  0.00306734  0.0009591   0.0007946   0.00095904  0.00090129  0.00095895
 -0.00215254  0.00084798  0.0009012  -0.00209093  0.00089984  0.0009
  0.00073179  0.00084793 -0.00153729 -0.0010237  -0.00119418 -0.00119424
 -0.00102364]",0.98012817,435
8,"[-5.5522000e-04 -1.1123285e-03  5.1187782e-04  5.1197625e-04
  1.0155072e-04  1.0666959e-04  5.5540458e-04  1.1473343e-04
  4.4617822e-04  1.3162656e-04  1.8749185e-04  5.1208097e-04
  5.5545598e-04  3.4302392e-04  4.5295394e-04  5.0745095e-04
  5.1199069e-04  5.0742901e-04  4.0939174e-04  9.9344899e-05
 -3.8731869e-04 -5.3601095e-04 -4.4120065e-04 -4.4118703e-04
 -5.3607090e-04]",0.9801282,440
9,"[ 5.6642550e-04  9.0656918e-04  2.0501990e-05  6.0565741e-05
  5.3991564e-05  2.1684835e-04  2.1910497e-04  2.1683509e-04
  2.4618951e-04  2.4610467e-04  2.1910277e-04  2.1685699e-04
  9.0650038e-04  2.1910493e-04  2.1912104e-04  2.1912412e-04
  2.4814712e-04 -6.7545770e-05  2.4814811e-04  2.1912374e-04
  7.7889318e-04  6.9758855e-05  8.0608111e-04  8.0608274e-04
  6.9789501e-05]",0.9801278,445
10,"[ 0.1193277  -0.06697092 -0.06590509 -0.06706265 -0.06544194 -0.06548199
 -0.06588937 -0.06546004 -0.06541751 -0.06589654 -0.06547923 -0.06540097
 -0.06597239 -0.06589327 -0.06496796 -0.06587927 -0.06539989 -0.06542267
 -0.06540842 -0.06542529  0.4204544   0.4206087   0.41700384  0.41914195
  0.42074436]",0.019827724,450
11,"[0.00090051 0.00022518 0.0002164  0.00021643 0.00021639 0.00027424
 0.00021642 0.00021426 0.00021641 0.0002201  0.00021642 0.00021623
 0.00022014 0.00021535 0.00021428 0.00022168 0.00021428 0.0002164
 0.00021645 0.00022285 0.0009595  0.00027016 0.00094887 0.00094887
 0.00027018]",0.9801279,455
12,"[-2.5451522e-05  3.5360805e-04  4.7440216e-04 -5.0050823e-04
 -5.1356014e-04 -1.7318124e-04  4.9357966e-04  2.5614866e-03
 -5.1358610e-04 -1.7312885e-04  4.9349543e-04  5.7204289e-04
  4.7443312e-04  4.7447084e-04  4.9472321e-04  4.7445571e-04
  4.7445908e-04  4.7442882e-04  4.9480319e-04 -2.9093397e-04
 -1.7550463e-04 -2.0825735e-04  3.3879638e-05  3.3878605e-05
 -2.0817839e-04]",0.980128,460
13,"[-0.0010136   0.00022145  0.00026056  0.00050574  0.00051369  0.00042142
  0.0004215   0.00045326  0.00049007  0.00045322  0.00049013  0.00045319
  0.00049508  0.0004901   0.00051448  0.00050078  0.0005559   0.0005559
  0.00045317  0.00055599 -0.00077028 -0.00081178 -0.00053564 -0.00053566
 -0.0008118 ]",0.98012805,465
14,"[ 0.11820408 -0.06712341 -0.06556727 -0.06553938 -0.06555662 -0.06714267
 -0.06512918 -0.06561531 -0.06563605 -0.0656282  -0.06563845 -0.06563255
 -0.06556946 -0.06560329 -0.06555909 -0.06562412 -0.06562298 -0.06561582
 -0.06564373 -0.06561413  0.4206865   0.42091984  0.4177375   0.41896033
  0.42108706]",0.019827664,470
15,"[ 0.12034075 -0.06734727 -0.06540973 -0.06539126 -0.06538084 -0.06542251
 -0.06540041 -0.06496447 -0.0653962  -0.06539187 -0.06615616 -0.06542347
 -0.06696595 -0.06626689 -0.06624025 -0.06542687 -0.06763135 -0.06542632
 -0.06543984 -0.06546175  0.42040735  0.42021424  0.41735888  0.41941446
  0.42064574]",0.019827724,475
16,"[ 0.1208533  -0.06219415 -0.06641094 -0.06639228 -0.066388   -0.06660947
 -0.06639177 -0.0667426  -0.06639441 -0.06645212 -0.06640443 -0.06638221
 -0.06638381 -0.06639618 -0.06639409 -0.06637847 -0.06640625 -0.06640454
 -0.06638609 -0.06471933  0.42113253  0.42111036  0.42156598  0.42074022
  0.42170352]",0.019827604,480
17,"[ 0.11994413 -0.0669897  -0.06716505 -0.06645049 -0.06617682 -0.06437466
 -0.06697324 -0.06615494 -0.06569789 -0.06569938 -0.06618015 -0.06437004
 -0.06722978 -0.06617999 -0.0656587  -0.06573168 -0.06568617 -0.06568927
 -0.06570703 -0.06569134  0.42076483  0.4204976   0.42006445  0.42034084
  0.4212314 ]",0.019827902,485
18,"[ 0.11931902  0.0211143  -0.06649263 -0.06649034 -0.06651101 -0.06649953
 -0.06647228 -0.06652002 -0.06679112 -0.06650686 -0.06648796 -0.06649542
 -0.06649037 -0.06647274 -0.06650136 -0.06649342 -0.06649156 -0.06649923
 -0.06651004 -0.06649817  0.42023346  0.42004672  0.3531972   0.41253757
  0.41897568]",0.019827604,490
19,"[ 0.1198209  -0.05479158 -0.06671326 -0.06677958 -0.06677634 -0.06669322
 -0.06675562 -0.06679483 -0.0667882  -0.06678732 -0.06669696 -0.06677413
 -0.06676783 -0.06675458 -0.06677325 -0.06669313 -0.06677215 -0.0667727
 -0.06674978 -0.06514829  0.42134055  0.42135763  0.42104873  0.42108247
  0.42146865]",0.019827604,495
20,"[ 0.11968031  0.02171767 -0.06563241 -0.06595262 -0.06599269 -0.06598987
 -0.06595392 -0.0659865  -0.06599279 -0.06595384 -0.06598731 -0.06598832
 -0.06600292 -0.06597613 -0.06594878 -0.0659641  -0.06595675 -0.06598056
 -0.0655157  -0.06593557  0.42011744  0.42075154  0.33863962  0.41398522
  0.42011842]",0.019827753,500
21,"[ 0.12232127 -0.06610735 -0.06651021 -0.06660005 -0.06651191 -0.06612187
 -0.06536133 -0.0664625  -0.06640391 -0.06659099 -0.06647997 -0.06655806
 -0.06654286 -0.06657004 -0.06543707 -0.06656147 -0.06648358 -0.0664762
 -0.06650936 -0.06656331  0.42228633  0.42221448  0.42215624  0.4217081
  0.4221709 ]",0.019827455,505
22,"[-0.00080206 -0.00114369 -0.00097843 -0.00077447 -0.00017729  0.00091148
 -0.00097846 -0.00017814  0.0009114  -0.00074378 -0.00017726  0.00012496
 -0.00017722  0.00089757 -0.00109399  0.0009346   0.00091148  0.00091153
  0.00088321 -0.00109893  0.00110827  0.00097846  0.00109466  0.00109555
  0.00097942]",0.9801281,510
23,"[ 5.24684903e-04  3.26626119e-04  4.92625404e-05  1.15016504e-04
 -2.55420746e-05  6.43765670e-04  1.08909793e-04  1.08856606e-04
  1.35408307e-04  1.08878157e-04  1.08869572e-04  6.43787323e-04
  1.23748626e-03  1.35421025e-04  1.05472558e-04  1.15014700e-04
  1.36479823e-04  1.36394141e-04  1.05458661e-04  1.05458486e-04
  7.93682411e-04  2.24260628e-04  7.34880334e-04  7.34861242e-04
  2.24287709e-04]",0.98012793,515
24,"[ 0.12118334 -0.06618541 -0.0663235  -0.06634913 -0.06635001 -0.06636059
 -0.06634735 -0.06620707 -0.0663471  -0.06633721 -0.06620533 -0.06633889
 -0.06632684 -0.06635501 -0.06631808 -0.06635886 -0.06634369 -0.0663344
 -0.06634445 -0.06634469  0.4219178   0.42196745  0.42252076  0.421967
  0.4227398 ]",0.019827604,520
25,"[-0.12462353  0.25383177  0.2535625   0.25354367  0.25363955  0.2536039
  0.25264293 -0.11707526  0.25263762 -0.11687475 -0.11707553  0.2518769
 -0.11749981  0.25144657 -0.11688951  0.25159714 -0.11756163 -0.11941721
 -0.12449197 -0.12458237 -0.11827428 -0.11703302 -0.11874436 -0.1187168
 -0.11704767]",0.019832432,525
26,"[ 0.11944638  0.02102086 -0.06653687 -0.06647517 -0.06649883 -0.06651764
 -0.0665189  -0.06652826 -0.066525   -0.06649581 -0.06653588 -0.06651309
 -0.0665251  -0.06650536 -0.06652282 -0.06651695 -0.06651944 -0.06649418
 -0.06651467 -0.06652659  0.4195435   0.42031184  0.35318935  0.41267133
  0.41932383]",0.019827604,530
27,"[0.00115467 0.0002866  0.00030746 0.00026175 0.00027093 0.00030749
 0.00026118 0.0003075  0.00026095 0.00027099 0.0002658  0.0002658
 0.00030744 0.0003075  0.00028723 0.00028715 0.00021964 0.00028257
 0.00030751 0.00028719 0.00044072 0.00027954 0.00038481 0.00038479
 0.00027959]",0.98012793,535
28,"[ 0.1207793   0.02142981 -0.06670853 -0.06664804 -0.06671339 -0.06662894
 -0.06664991 -0.06672649 -0.06665584 -0.06670915 -0.06663622 -0.06670545
 -0.0666389  -0.066666   -0.06665504 -0.06664293 -0.06662542 -0.06662829
 -0.0666494  -0.06663883  0.42019042  0.42018858  0.35364214  0.4128047
  0.41897428]",0.019827604,540
29,"[ 0.11872602 -0.06623175 -0.06625398 -0.06622729 -0.06620736 -0.06621763
 -0.06623385 -0.06622183 -0.06624243 -0.0662376  -0.06623957 -0.06620856
 -0.06623129 -0.06622364 -0.06620844 -0.06624547 -0.06624743 -0.06623185
 -0.0662291  -0.06625273  0.42210913  0.42209774  0.42273664  0.4220994
  0.42282325]",0.019827694,545
30,"[-0.04059509 -0.04058446 -0.04051241 -0.04046131 -0.04049153 -0.04047707
 -0.04047265 -0.04049521 -0.04049135 -0.04048498 -0.04048772 -0.04046632
 -0.04049587 -0.04045614 -0.0404451  -0.04047948 -0.04048255 -0.04049744
 -0.04044721 -0.04060674  0.4434653   0.44444183  0.44560137  0.44335276]",0.019827336,550
31,"[ 0.11947709  0.02088101 -0.06647934 -0.06648292 -0.06647497 -0.06647884
 -0.06649545 -0.06649686 -0.06647466 -0.06648776 -0.06647242 -0.06648965
 -0.06652082 -0.06648394 -0.06646953 -0.06651212 -0.06649628 -0.06650795
 -0.06649009 -0.06650104  0.41975862  0.42035195  0.35259306  0.41276315
  0.41921481]",0.019827545,555
32,"[ 0.12134726 -0.06610208 -0.0659791  -0.06607869 -0.06612095 -0.0660997
 -0.06475894 -0.06609377 -0.0647777  -0.06613734 -0.06612688 -0.06611358
 -0.0661144  -0.06610395 -0.06607904 -0.06609987 -0.06611019 -0.06612466
 -0.06611504 -0.0661252   0.42072085  0.4206549   0.42100182  0.4204
  0.4211961 ]",0.019827664,560
33,"[0.00088189 0.00028855 0.00019099 0.00029428 0.00018135 0.00019104
 0.000191   0.00023526 0.00019101 0.00029426 0.00019295 0.00019136
 0.00018189 0.00023579 0.0001926  0.00021485 0.00019252 0.0001913
 0.00029429 0.00019253 0.00101711 0.00021695 0.00091807 0.00091816
 0.00021701]",0.9801279,565
34,"[ 0.12081941 -0.05487095 -0.06680281 -0.06678605 -0.06678434 -0.06679751
 -0.06683937 -0.06678392 -0.06677495 -0.06678256 -0.0667928  -0.06678413
 -0.06679809 -0.06680579 -0.06516564 -0.06678034 -0.06677888 -0.0667825
 -0.06679247 -0.06683081  0.420977    0.42097408  0.42128503  0.42117813
  0.42163244]",0.019827574,570
35,"[0.00070291 0.00013826 0.00017082 0.0005043  0.00020716 0.00027577
 0.00025749 0.00031136 0.00025788 0.00027168 0.00022843 0.00045407
 0.00027165 0.00022424 0.00023554 0.00023591 0.00045398 0.00027089
 0.00050421 0.00027168 0.00044157 0.00028393 0.0003967  0.00039654
 0.00028401]",0.9801278,575
36,"[6.2251597e-04 1.0307459e-04 1.0004340e-04 3.0801483e-04 4.9257436e-04
 2.1864673e-04 6.5045242e-05 2.5951423e-04 2.1859114e-04 4.9257826e-04
 2.1864218e-04 2.7427450e-04 1.9341381e-04 9.8631135e-06 2.1932193e-04
 1.9342426e-04 2.1933482e-04 2.1931200e-04 2.1863845e-04 2.1667648e-04
 8.8874891e-04 1.0997083e-04 8.8019529e-04 8.8018621e-04 1.0990334e-04]",0.9801279,580
37,"[ 0.12082859 -0.06455731 -0.06671916 -0.06672752 -0.06672582 -0.06624107
 -0.06457989 -0.06621628 -0.06626533 -0.0666769  -0.06681432 -0.06620638
 -0.06622774 -0.06624655 -0.06623289 -0.06674306 -0.06625116 -0.06623805
 -0.06626078 -0.06678528  0.4219376   0.42201534  0.42167398  0.42134497
  0.42204037]",0.019827813,585
38,"[0.000839   0.00024472 0.00024792 0.00024465 0.00024461 0.00019643
 0.00018877 0.00024465 0.00024466 0.00022079 0.00018897 0.00022605
 0.00022069 0.00022593 0.00019307 0.00020628 0.00020628 0.00019668
 0.00020633 0.00019655 0.00096791 0.00025284 0.00094411 0.00094416
 0.00025287]",0.9801278,590
39,"[ 0.12016033 -0.06472374 -0.06674086 -0.06626704 -0.06652249 -0.0666646
 -0.06630477 -0.06676401 -0.06476973 -0.06624871 -0.06660804 -0.06666277
 -0.06594855 -0.06630656 -0.06673399 -0.0659655  -0.06593534 -0.0662643
 -0.06475043 -0.06628291  0.42123112  0.4211607   0.4213587   0.42126274
  0.42191327]",0.019827902,595
40,"[ 0.12215841 -0.06539097 -0.06614549 -0.06450374 -0.06611891 -0.06651026
 -0.06647721 -0.06647778 -0.06658103 -0.06657144 -0.06657702 -0.06657474
 -0.0665742  -0.06648847 -0.0665746  -0.06658028 -0.06650244 -0.06656687
 -0.06657282 -0.06657594  0.42153782  0.42159668  0.42311975  0.42169535
  0.42235157]",0.019827545,600
41,"[ 0.11970168 -0.06493115 -0.0648092  -0.06496525 -0.0648836  -0.06495065
 -0.0649682  -0.06497414 -0.06484701 -0.06483353 -0.06482047 -0.06495462
 -0.06485432 -0.0648273  -0.0648188  -0.0648231  -0.06473884 -0.06485286
 -0.06484844 -0.06481675  0.41941485  0.41924167  0.4070493   0.4167612
  0.4167568 ]",0.019827425,605
42,"[ 0.12122049 -0.0645907  -0.06619479 -0.06610228 -0.06451131 -0.0664449
 -0.06649096 -0.06647532 -0.06643679 -0.06649976 -0.06650881 -0.0664465
 -0.06651121 -0.06648865 -0.06649791 -0.06649401 -0.06651174 -0.06656455
 -0.06653711 -0.06646483  0.42176512  0.4217416   0.42218295  0.42154738
  0.42240164]",0.019827604,610
43,"[ 0.12074319 -0.06650516 -0.06632125 -0.06657197 -0.06437621 -0.06656491
 -0.06629888 -0.06656348 -0.06634409 -0.06436339 -0.06632656 -0.0663401
 -0.06633008 -0.06661679 -0.06636312 -0.06631583 -0.06661536 -0.06634908
 -0.06630965 -0.06632993  0.42149803  0.42151594  0.4220269   0.42141792
  0.4221784 ]",0.019828081,615
44,"[ 0.12071678 -0.0548365  -0.06681275 -0.06519203 -0.06681345 -0.06680106
 -0.0667906  -0.06676117 -0.06679845 -0.0668108  -0.06678122 -0.06680319
 -0.06678897 -0.06680949 -0.06678079 -0.06677999 -0.06677848 -0.06675571
 -0.06676006 -0.06679286  0.4209246   0.42100912  0.4212876   0.42117012
  0.42165983]",0.019827545,620
45,"[ 0.12071059 -0.05516424 -0.06670627 -0.06668356 -0.06669584 -0.06667125
 -0.06673956 -0.0666893  -0.06667699 -0.06669604 -0.06669044 -0.06666716
 -0.06659917 -0.06665094 -0.0666635  -0.0666649  -0.06659148 -0.06669922
 -0.06667094 -0.06669245  0.42088863  0.4208871   0.42140585  0.42117724
  0.42170465]",0.019827306,625
46,"[ 0.12122204 -0.05875907 -0.06663984 -0.06663688 -0.06661191 -0.06669739
 -0.06662881 -0.06664958 -0.0666538  -0.0666381  -0.0666372  -0.06662755
 -0.06670132 -0.06664017 -0.06660862 -0.06661661 -0.0666083  -0.06664077
 -0.06663874 -0.06660422  0.42144278  0.42145976  0.42209768  0.42154714
  0.42220572]",0.019827545,630
47,"[ 2.5154382e-04  1.4752138e-04  2.4275736e-04  2.6899384e-04
  3.2522564e-04  9.5709146e-04  3.2535478e-04  3.2534514e-04
  2.4838423e-04  3.6776380e-04  2.6114917e-04  2.9441767e-04
  3.2533577e-04  3.6780891e-04  3.2572664e-04  3.6778828e-04
  3.6777311e-04  2.9439863e-04  3.2533650e-04 -2.0382649e-04
 -9.8822580e-05 -5.0904491e-05  1.2941155e-04  1.2940286e-04
 -5.0932373e-05]",0.98012805,635
48,"[ 0.12118061 -0.06628968 -0.06631316 -0.0663214  -0.06624815 -0.06627589
 -0.06630245 -0.06630912 -0.06631911 -0.06629749 -0.06627688 -0.06631164
 -0.06629226 -0.06629983 -0.06631865 -0.06631105 -0.06630935 -0.06631857
 -0.06632525 -0.06629021  0.42183903  0.42190677  0.42241547  0.42195368
  0.42265224]",0.019827694,640
49,"[ 0.1206474  -0.05534909 -0.06677856 -0.06676671 -0.06678225 -0.06679107
 -0.06675172 -0.06674691 -0.06519575 -0.06675805 -0.0667795  -0.06676814
 -0.06673479 -0.0667686  -0.06675237 -0.06676157 -0.06677687 -0.06675339
 -0.06677258 -0.06676818  0.4210032   0.4210246   0.42133263  0.4210755
  0.42168465]",0.019827485,645
50,"[0.00087706 0.00021973 0.00023097 0.00021081 0.00020806 0.00021073
 0.00021078 0.00021078 0.00021075 0.00020808 0.00021074 0.0002108
 0.00020804 0.00021973 0.00021078 0.00022276 0.00020814 0.00021078
 0.00022272 0.00020803 0.00097354 0.00026358 0.00093846 0.00093839
 0.00026362]",0.9801278,650
51,"[ 0.12079931 -0.06629648 -0.06630582 -0.06628428 -0.06628874 -0.06632724
 -0.06629229 -0.06633174 -0.06630354 -0.06630281 -0.06631595 -0.06616452
 -0.06634302 -0.06618571 -0.06629989 -0.06632954 -0.06631376 -0.06637151
 -0.06632146 -0.06631619  0.42206335  0.42194593  0.4224755   0.421928
  0.42270127]",0.019827336,655
52,"[0.00108735 0.00043268 0.0002346  0.00021264 0.00023331 0.00029205
 0.00011087 0.00018492 0.00024    0.00019168 0.00022529 0.00021648
 0.00043272 0.00020306 0.00015642 0.00043272 0.00028805 0.00022529
 0.00024056 0.00022749 0.00040574 0.00025435 0.00036751 0.000368
 0.00025433]",0.98012793,660
53,"[ 0.11953504 -0.06608374 -0.06629407 -0.0662943  -0.06627392 -0.06628366
 -0.06631039 -0.06628086 -0.06631082 -0.06629048 -0.06628802 -0.06608222
 -0.06629936 -0.06627236 -0.06631266 -0.06629245 -0.06628543 -0.06627529
 -0.06629615 -0.06626391  0.422157    0.42211914  0.42276335  0.42204922
  0.42285338]",0.019827485,665
54,"[ 0.12000126 -0.06704219 -0.06614794 -0.06769845 -0.06738907 -0.06540531
 -0.06542978 -0.06543545 -0.06543033 -0.06491479 -0.06538603 -0.06537593
 -0.06543075 -0.06533761 -0.06626809 -0.06543068 -0.06544709 -0.06628002
 -0.06542466 -0.06552665  0.42097238  0.42057186  0.4171121   0.4195596
  0.42034757]",0.019827664,670
55,"[6.22072257e-04 7.23645790e-05 2.24887015e-04 1.13925023e-04
 4.21928096e-04 2.24861433e-04 1.36092451e-04 4.21950681e-04
 2.74247810e-04 2.35811312e-04 2.24841351e-04 2.10093305e-04
 1.13895192e-04 1.04266073e-05 2.36367487e-04 2.36382504e-04
 2.35860411e-04 2.36380496e-04 1.04740175e-05 4.21487726e-04
 8.94675031e-04 1.05204905e-04 8.95888079e-04 8.96399491e-04
 1.05255313e-04]",0.98012793,675
56,"[1.6361923e-04 8.0736936e-05 2.9412561e-04 7.9787947e-05 3.0889164e-04
 3.0224997e-04 3.0510061e-04 3.0224083e-04 2.9438737e-04 9.1533191e-05
 2.9413935e-04 3.0223193e-04 3.0223723e-04 3.0226351e-04 3.0170282e-04
 3.0222532e-04 3.2323675e-05 3.0227582e-04 3.0201607e-04 3.0225937e-04
 5.0952908e-04 3.7928455e-04 4.8119290e-04 4.8119767e-04 3.7926590e-04]",0.980128,680
57,"[ 4.9590005e-04  1.6990816e-06  2.0853139e-03 -1.8872099e-04
  7.9560303e-04  3.7898077e-05  1.1604876e-05  3.7934777e-05
  2.0853234e-03  8.7221022e-05 -7.3808653e-05  8.7107794e-05
  1.3592877e-04 -7.3877251e-05  5.8260572e-05  1.3581960e-04
  1.8340704e-04  3.7913123e-05 -7.3850766e-05  5.9004815e-05
  3.6091631e-04  6.2091625e-05  4.5868522e-04  4.5868399e-04
  6.2071165e-05]",0.9801278,685
58,"[ 0.12109618 -0.06641815 -0.06635503 -0.0663695  -0.06635912 -0.06633694
 -0.06640451 -0.0664198  -0.06636859 -0.0664254  -0.06639177 -0.06642668
 -0.06638448 -0.0663752  -0.06637403 -0.06635757 -0.06632762 -0.06634805
 -0.06634207 -0.06637272  0.4225836   0.4226192   0.4225002   0.4218813
  0.42258662]",0.019827455,690
59,"[1.57633287e-04 1.65881473e-04 9.56441800e-05 1.04805804e-04
 1.16802330e-04 8.34305247e-05 8.15667881e-05 7.28795130e-05
 1.18106982e-04 7.96960521e-05 1.04691935e-04 1.04725856e-04
 8.15039384e-05 7.76080124e-05 7.81852577e-05 8.15495441e-05
 7.07136642e-05 7.82208081e-05 8.15019594e-05 9.19539889e-05
 2.50666798e-03 6.72438240e-04 7.65995472e-04 1.47705292e-03]",0.98012805,695
60,"[ 0.11828548 -0.0662068  -0.06616539 -0.06619346 -0.06621532 -0.06620556
 -0.06621008 -0.06622085 -0.0662446  -0.06620923 -0.06620362 -0.06621481
 -0.06620382 -0.0661798  -0.0662199  -0.06622447 -0.0662185  -0.06620708
 -0.06622    -0.0662071   0.4220294   0.42212728  0.42268124  0.4221602
  0.42287493]",0.019827604,400
61,"[ 0.12055191 -0.06465308 -0.06508379 -0.06481327 -0.06672006 -0.06481078
 -0.06477994 -0.06479628 -0.06480865 -0.06479946 -0.06481948 -0.06480954
 -0.06478972 -0.06481439 -0.06480953 -0.06479259 -0.06480092 -0.06480061
 -0.06481957 -0.06479637  0.42180982  0.421093    0.40015852  0.41802615
  0.41932005]",0.019827902,405
62,"[-0.00020732 -0.00064426  0.00040588  0.00047084  0.00037676  0.00037675
  0.00037681  0.00047092  0.00044275  0.00034695  0.0003768   0.00047096
  0.00034693  0.00040033  0.00034695  0.00040028  0.00044134  0.00047092
  0.00040038  0.0003469  -0.00013866 -0.00081877 -0.00075895 -0.000759
 -0.00081882]",0.98012817,410
63,"[ 0.12058196 -0.06604497 -0.06632247 -0.06633756 -0.06640654 -0.06632666
 -0.06633612 -0.06634561 -0.06632063 -0.06608184 -0.06631542 -0.06632788
 -0.06634012 -0.06631441 -0.06634665 -0.06632762 -0.06632818 -0.06632599
 -0.06639805 -0.06633087  0.42201582  0.4220375   0.42265385  0.4220469
  0.42277133]",0.019827574,415
64,"[5.8063463e-04 1.7670623e-04 1.7948536e-05 7.0422597e-05 3.0122511e-04
 1.9406289e-04 7.9704961e-04 2.7998476e-04 2.3990206e-04 2.9867940e-04
 2.8180986e-04 2.7841877e-04 2.7858233e-04 2.7837197e-04 2.7931770e-04
 2.7847567e-04 7.9712749e-04 2.9866691e-04 2.8173561e-04 2.3997064e-04
 3.4261227e-04 3.0428288e-04 3.1167353e-04 3.1164300e-04 3.0424801e-04]",0.9801279,420
65,"[ 0.12127467 -0.06506936 -0.06626938 -0.06641482 -0.06506725 -0.06640617
 -0.06639507 -0.0663782  -0.06639525 -0.06641013 -0.06645119 -0.06640548
 -0.06641225 -0.06640902 -0.0664035  -0.06641083 -0.06641436 -0.06637432
 -0.06641936 -0.06641142  0.42176497  0.4217601   0.42224422  0.42160377
  0.42230296]",0.019827425,425
66,"[ 0.1209908  -0.06551546 -0.06633094 -0.06634693 -0.06632234 -0.06632838
 -0.06631865 -0.06632843 -0.06632783 -0.06634    -0.06601107 -0.06603569
 -0.06634346 -0.06634115 -0.06634586 -0.06632839 -0.06634546 -0.06633405
 -0.06631932 -0.06633408  0.42201087  0.4220069   0.4219596   0.42189854
  0.42219585]",0.019827724,430
67,"[-0.0021761  -0.00030859  0.00010824 -0.00046229  0.00095878 -0.00029641
  0.00306691  0.00095963  0.00079465  0.0009591   0.00090125  0.00095904
 -0.00215311  0.00084771  0.00090116 -0.00209102  0.00089966  0.00089995
  0.00073178  0.00084779 -0.00153685 -0.00102358 -0.00119417 -0.00119422
 -0.00102385]",0.9801282,435
68,"[-5.5522332e-04 -1.1121763e-03  5.1194191e-04  5.1194639e-04
  1.0149465e-04  1.0648915e-04  5.5532524e-04  1.1469069e-04
  4.4628471e-04  1.3170228e-04  1.8772586e-04  5.1189773e-04
  5.5563630e-04  3.4290319e-04  4.5286879e-04  5.0736306e-04
  5.1199453e-04  5.0721993e-04  4.0941313e-04  9.9231664e-05
 -3.8719195e-04 -5.3577876e-04 -4.4134731e-04 -4.4137280e-04
 -5.3574552e-04]",0.9801283,440
69,"[ 5.6646852e-04  9.0652460e-04  2.0542531e-05  6.0555409e-05
  5.3956319e-05  2.1686670e-04  2.1911750e-04  2.1683364e-04
  2.4613127e-04  2.4613191e-04  2.1913912e-04  2.1683314e-04
  9.0654410e-04  2.1912149e-04  2.1912126e-04  2.1916561e-04
  2.4815148e-04 -6.7550602e-05  2.4814031e-04  2.1912326e-04
  7.7887764e-04  6.9724163e-05  8.0609054e-04  8.0607989e-04
  6.9737231e-05]",0.9801278,445
70,"[ 0.11934404 -0.06698341 -0.06591131 -0.06704244 -0.06546763 -0.0654702
 -0.0659028  -0.0654722  -0.06540433 -0.06589347 -0.06547849 -0.06540062
 -0.06597982 -0.06590781 -0.06494353 -0.06590617 -0.06542823 -0.06541683
 -0.06541631 -0.06540741  0.42046636  0.4206199   0.41701254  0.4191489
  0.42074713]",0.019827664,450
71,"[0.00090051 0.00022519 0.00021638 0.00021642 0.00021642 0.00027422
 0.00021642 0.00021424 0.00021643 0.00022015 0.00021639 0.00021622
 0.00022014 0.00021533 0.00021425 0.00022172 0.00021428 0.00021641
 0.00021643 0.00022288 0.00095948 0.00027018 0.00094886 0.00094884
 0.0002702 ]",0.9801279,455
72,"[-2.5348905e-05  3.5358279e-04  4.7448027e-04 -5.0049979e-04
 -5.1358587e-04 -1.7333959e-04  4.9353263e-04  2.5615369e-03
 -5.1362254e-04 -1.7317335e-04  4.9342157e-04  5.7212182e-04
  4.7448365e-04  4.7444022e-04  4.9483863e-04  4.7444424e-04
  4.7441688e-04  4.7445385e-04  4.9484661e-04 -2.9100914e-04
 -1.7544729e-04 -2.0817746e-04  3.3914766e-05  3.3879594e-05
 -2.0833552e-04]",0.980128,460
73,"[-0.00101369  0.00022155  0.00026072  0.00050571  0.00051363  0.00042143
  0.00042143  0.00045317  0.00049011  0.00045314  0.0004901   0.00045314
  0.00049507  0.00049011  0.00051453  0.00050071  0.00055605  0.00055607
  0.00045317  0.00055596 -0.0007703  -0.00081181 -0.00053559 -0.00053572
 -0.00081182]",0.98012805,465
74,"[ 0.11818552 -0.06712746 -0.06557387 -0.0655475  -0.06555941 -0.06712541
 -0.06513205 -0.06561023 -0.0656485  -0.06562177 -0.06565537 -0.06563921
 -0.06555479 -0.06563889 -0.06554227 -0.06561701 -0.06561519 -0.06562037
 -0.06562318 -0.06563329  0.42069447  0.42091215  0.41776064  0.41896942
  0.42109692]",0.019827753,470
75,"[ 0.12035489 -0.06730401 -0.06532379 -0.06532337 -0.06543878 -0.06542429
 -0.06539982 -0.06495952 -0.0654199  -0.06540812 -0.06615878 -0.06542907
 -0.06703088 -0.06623738 -0.0662756  -0.06541467 -0.06765254 -0.06545331
 -0.06541445 -0.06544622  0.4203573   0.42023987  0.4173801   0.41939893
  0.42062125]",0.019827962,475
76,"[ 0.12083758 -0.06219379 -0.06642217 -0.06638955 -0.06638453 -0.06663156
 -0.06640587 -0.06670973 -0.06639687 -0.06640629 -0.06641255 -0.06640466
 -0.06639946 -0.06640909 -0.06641701 -0.06639839 -0.06641251 -0.06642051
 -0.06641037 -0.06474108  0.4211894   0.42115983  0.42156252  0.420793
  0.42169768]",0.019828081,480
77,"[ 0.11992575 -0.06701788 -0.06714847 -0.06643749 -0.06617774 -0.06436914
 -0.06697874 -0.06616911 -0.06571566 -0.06569053 -0.06615431 -0.06439965
 -0.06720901 -0.06615633 -0.06566566 -0.06570437 -0.06566747 -0.06568182
 -0.06569741 -0.06571242  0.42076996  0.42046112  0.4200763   0.42030492
  0.42125243]",0.019827753,485
78,"[ 0.11916765  0.02108094 -0.06666099 -0.06652926 -0.0665393  -0.06653825
 -0.06653096 -0.06652664 -0.06652075 -0.06654011 -0.06651945 -0.06652245
 -0.06652498 -0.06652029 -0.06651191 -0.06665773 -0.06653053 -0.06651878
 -0.06652126 -0.06653634  0.42018592  0.42024446  0.35317934  0.4128175
  0.41927412]",0.019827545,490
79,"[ 0.11984796 -0.0548019  -0.06678284 -0.06676289 -0.06674536 -0.06676541
 -0.06676885 -0.06675479 -0.0667583  -0.06677215 -0.06674507 -0.06677063
 -0.06676288 -0.06674051 -0.06675549 -0.06675088 -0.06676096 -0.0667538
 -0.06677144 -0.06516461  0.42136773  0.4213677   0.42106757  0.42109615
  0.4214774 ]",0.019827902,495
80,"[ 0.11964887  0.02175695 -0.06561863 -0.06597535 -0.0659117  -0.06600091
 -0.06598447 -0.06601539 -0.06599528 -0.06595246 -0.0660271  -0.06597888
 -0.06594646 -0.06596193 -0.06594397 -0.06602095 -0.06594744 -0.06600609
 -0.06555565 -0.06597723  0.42011526  0.42074597  0.3387316   0.41398245
  0.42013842]",0.019827753,500
81,"[ 0.12234497 -0.06608098 -0.066498   -0.06657856 -0.06656919 -0.06608357
 -0.06541099 -0.06644152 -0.06653027 -0.06658496 -0.06645343 -0.06652536
 -0.06653626 -0.06652886 -0.06541809 -0.0665287  -0.06645133 -0.0665243
 -0.06657671 -0.06653611  0.42231262  0.4222476   0.42210162  0.4216562
  0.4221999 ]",0.019827336,505
82,"[-0.00080201 -0.00114394 -0.00097842 -0.00077474 -0.00017723  0.00091147
 -0.00097858 -0.00017738  0.0009115  -0.00074398 -0.00017753  0.00012475
 -0.00017729  0.00089756 -0.00109421  0.0009355   0.00091122  0.00091115
  0.00088297 -0.00109891  0.00110804  0.0009792   0.00109535  0.00109529
  0.00097911]",0.98012805,510
83,"[ 5.24722505e-04  3.26658715e-04  4.93640546e-05  1.15032832e-04
 -2.55134946e-05  6.43856009e-04  1.09002256e-04  1.08965804e-04
  1.35311042e-04  1.08841108e-04  1.08854685e-04  6.43824926e-04
  1.23740872e-03  1.35388662e-04  1.05469284e-04  1.15024362e-04
  1.36466464e-04  1.36425631e-04  1.05334213e-04  1.05495856e-04
  7.93695799e-04  2.24095944e-04  7.34914851e-04  7.34745292e-04
  2.24296149e-04]",0.98012793,515
84,"[ 0.12106767 -0.06623749 -0.0662958  -0.06632537 -0.06628892 -0.06628898
 -0.06634358 -0.06633876 -0.06632274 -0.066323   -0.06632969 -0.06632477
 -0.06632574 -0.06634229 -0.06629498 -0.06634419 -0.06633374 -0.06632437
 -0.06632921 -0.06632604  0.42192057  0.42198196  0.42258024  0.42196047
  0.4227477 ]",0.019827485,520
85,"[-0.12466012  0.25383794  0.25362825  0.2535789   0.25365132  0.25363684
  0.25265348 -0.11708729  0.25266406 -0.1168524  -0.11708882  0.25187057
 -0.11756237  0.25144953 -0.11688693  0.25156528 -0.11756335 -0.11940098
 -0.12456742 -0.12457581 -0.11826059 -0.11706884 -0.11872642 -0.118712
 -0.11704811]",0.019832522,525
86,"[ 0.11943402  0.0210238  -0.06652685 -0.06652442 -0.06650192 -0.06651398
 -0.06652378 -0.06651332 -0.06650542 -0.06649892 -0.06651796 -0.06648755
 -0.06651311 -0.06649073 -0.06653154 -0.06652457 -0.06652407 -0.06649013
 -0.06651731 -0.06652059  0.4195489   0.42030558  0.3531735   0.41268098
  0.41929555]",0.019827843,530
87,"[0.00115461 0.00028656 0.00030745 0.00026176 0.00027102 0.0003075
 0.00026115 0.00030744 0.00026104 0.00027101 0.0002658  0.00026582
 0.00030748 0.00030747 0.0002872  0.00028718 0.00021962 0.00028255
 0.00030744 0.00028725 0.00044081 0.00027957 0.00038479 0.00038474
 0.00027957]",0.9801278,535
88,"[ 0.12077347  0.02141856 -0.06669463 -0.06664649 -0.0667116  -0.06664224
 -0.06664489 -0.06670628 -0.06665741 -0.06669189 -0.06663765 -0.06671402
 -0.06664294 -0.06666632 -0.06664005 -0.06662279 -0.06663276 -0.06661895
 -0.06665069 -0.06662513  0.42016712  0.4201647   0.3536405   0.41279548
  0.4189694 ]",0.019827604,540
89,"[ 0.11857806 -0.06639403 -0.06640975 -0.06638826 -0.06638786 -0.06638845
 -0.06640361 -0.06639133 -0.06640419 -0.06503688 -0.06637415 -0.06640789
 -0.06637342 -0.06637914 -0.0664148  -0.06641492 -0.06640969 -0.06638505
 -0.06503975 -0.06641221  0.42193192  0.42193374  0.4225885   0.4233055
  0.42267776]",0.019827664,545
90,"[-0.04061664 -0.0406346  -0.04053031 -0.04051527 -0.04051915 -0.04024451
 -0.04050768 -0.04047991 -0.04050521 -0.04048368 -0.04049255 -0.04050973
 -0.04027979 -0.04028289 -0.04048367 -0.04050192 -0.04051128 -0.04052369
 -0.0404814  -0.040642    0.44345003  0.44438335  0.44554913  0.443294  ]",0.019827574,550
91,"[ 0.11947314  0.02088489 -0.0664811  -0.06648967 -0.06648119 -0.0664829
 -0.06647927 -0.0664911  -0.06648508 -0.06647606 -0.06648737 -0.06648532
 -0.066516   -0.06652535 -0.06647693 -0.06647702 -0.0664683  -0.06647217
 -0.0665265  -0.06649035  0.4197491   0.4203597   0.35256362  0.41276187
  0.41922367]",0.019827813,555
92,"[ 0.12136638 -0.06609003 -0.06597959 -0.06609674 -0.06611164 -0.06609157
 -0.0647538  -0.06611168 -0.06477508 -0.06614515 -0.06612674 -0.0660973
 -0.06613293 -0.06609251 -0.06610785 -0.06613632 -0.06609836 -0.06610945
 -0.06611118 -0.0661253   0.4207125   0.42066148  0.42100757  0.42041215
  0.42119348]",0.019827425,560
93,"[0.0008819  0.00028856 0.00019099 0.00029429 0.00018128 0.00019106
 0.00019106 0.00023519 0.00019102 0.00029436 0.00019292 0.00019131
 0.00018191 0.0002358  0.00019257 0.00021481 0.00019258 0.00019133
 0.00029433 0.00019244 0.00101711 0.0002169  0.00091818 0.00091816
 0.00021696]",0.9801278,565
94,"[ 0.12081011 -0.05487972 -0.06679114 -0.06680454 -0.06677971 -0.06681276
 -0.06681266 -0.06679559 -0.06679537 -0.06679678 -0.06679046 -0.0667892
 -0.06679568 -0.06678932 -0.06517823 -0.06680286 -0.06679512 -0.06676374
 -0.06676834 -0.06678896  0.42095572  0.42099655  0.42126986  0.4211672
  0.4216624 ]",0.019827902,570
95,"[0.00070293 0.00013828 0.00017088 0.00050431 0.00020689 0.0002759
 0.00025753 0.00031136 0.00025763 0.00027172 0.00022843 0.00045409
 0.00027163 0.00022437 0.00023555 0.0002356  0.00045411 0.00027053
 0.00050433 0.00027173 0.00044157 0.00028409 0.00039667 0.00039673
 0.00028406]",0.9801279,575
96,"[6.2252639e-04 1.0326074e-04 1.0009427e-04 3.0808180e-04 4.9259968e-04
 2.1868630e-04 6.5236425e-05 2.5956187e-04 2.1868430e-04 4.9258705e-04
 2.1865635e-04 2.7407022e-04 1.9305707e-04 9.8432065e-06 2.1933048e-04
 1.9352871e-04 2.1952561e-04 2.1949102e-04 2.1868190e-04 2.1623961e-04
 8.8878052e-04 1.1000293e-04 8.8021124e-04 8.7976886e-04 1.0999681e-04]",0.9801279,580
97,"[ 0.12083101 -0.06457774 -0.06669614 -0.06670532 -0.06676195 -0.0662481
 -0.06455673 -0.06624174 -0.06622085 -0.06670918 -0.06680393 -0.06623322
 -0.06625077 -0.06621827 -0.06623514 -0.06677479 -0.06623374 -0.06623633
 -0.06624352 -0.06677575  0.42195714  0.42200783  0.4216911   0.421316
  0.42204624]",0.019827425,585
98,"[0.00083909 0.00024466 0.00024786 0.00024468 0.00024467 0.00019648
 0.00018891 0.00024464 0.00024467 0.00022068 0.00018896 0.00022594
 0.00022069 0.00022594 0.00019307 0.00020628 0.00020623 0.00019655
 0.00020629 0.00019657 0.00096794 0.0002528  0.0009442  0.00094422
 0.0002529 ]",0.9801278,590
99,"[ 0.12015375 -0.06474106 -0.06668732 -0.06627121 -0.06655835 -0.06668144
 -0.06627044 -0.0667074  -0.06473238 -0.06627007 -0.06655382 -0.06665967
 -0.06596985 -0.06626364 -0.06674729 -0.06596361 -0.06603375 -0.06625773
 -0.06482239 -0.0663173   0.42129374  0.4211933   0.42132506  0.4212822
  0.4218832 ]",0.019827873,595
100,"[ 0.12129406 -0.06533561 -0.06597283 -0.06536102 -0.06596205 -0.0663711
 -0.06633944 -0.06637776 -0.0664416  -0.06644557 -0.06647624 -0.06645668
 -0.06645572 -0.06632268 -0.06644373 -0.06644728 -0.06644122 -0.06643464
 -0.066461   -0.06644222  0.42170715  0.4217247   0.42221117  0.42174894
  0.4223976 ]",0.019827604,600
101,"[ 0.11966415 -0.0649757  -0.06484609 -0.06496962 -0.0648841  -0.06497011
 -0.0649164  -0.06492908 -0.06479935 -0.06481264 -0.06481794 -0.06495165
 -0.06482423 -0.06483604 -0.06482724 -0.06482447 -0.06474721 -0.06486507
 -0.06485562 -0.06486568  0.41942734  0.41920823  0.40706432  0.41680318
  0.41675687]",0.01982814,605
102,"[ 0.12127154 -0.06451908 -0.06618454 -0.06623705 -0.06456589 -0.06649382
 -0.06644708 -0.06649634 -0.06648772 -0.06646328 -0.06649733 -0.06649444
 -0.06651905 -0.06649798 -0.0664494  -0.06649169 -0.06646515 -0.06655195
 -0.0664618  -0.06651179  0.4218135   0.42168593  0.42218527  0.42155752
  0.4224086 ]",0.019827485,610
103,"[ 0.12073231 -0.06654927 -0.06631686 -0.06657618 -0.06436323 -0.06653205
 -0.06631142 -0.06656218 -0.06633208 -0.06438016 -0.06633136 -0.06631617
 -0.06631507 -0.06660579 -0.0663583  -0.06630923 -0.06662853 -0.06637978
 -0.06631444 -0.06632642  0.42150882  0.42148468  0.4220273   0.4214029
  0.42222834]",0.019827425,615
104,"[ 0.12073033 -0.05486441 -0.06681652 -0.06518848 -0.0668055  -0.06679459
 -0.06680106 -0.0667722  -0.06677819 -0.06678897 -0.06678911 -0.06680331
 -0.0667908  -0.06677873 -0.06677429 -0.06679498 -0.0667743  -0.06677601
 -0.06677935 -0.066788    0.42093968  0.42100024  0.42129043  0.4211636
  0.42165536]",0.019827425,620
105,"[ 0.12067813 -0.05518927 -0.06673318 -0.06671077 -0.06672331 -0.06671849
 -0.06650265 -0.06650384 -0.06671412 -0.06673181 -0.06672919 -0.06673706
 -0.06664065 -0.06671865 -0.0667171  -0.06671648 -0.06642021 -0.06670405
 -0.06671813 -0.06672221  0.42086023  0.42086548  0.4213684   0.42114273
  0.42189702]",0.019827396,625
106,"[ 0.12118363 -0.05877521 -0.06664129 -0.06664814 -0.06661887 -0.06669064
 -0.06663465 -0.06662184 -0.06664672 -0.06663347 -0.06663465 -0.06663283
 -0.06668466 -0.06663558 -0.06662826 -0.06662866 -0.06662071 -0.066646
 -0.06663823 -0.06661223  0.42143977  0.42151353  0.4220933   0.4215563
  0.4222219 ]",0.019827724,630
107,"[ 2.66521005e-04  1.46204024e-04  2.41456160e-04  2.67647847e-04
  3.23922664e-04  9.55760130e-04  3.23991670e-04  3.23988555e-04
  2.47079937e-04  3.66567372e-04  2.59844441e-04  2.93178309e-04
  3.40313301e-04  3.66484019e-04  3.24410328e-04  3.66429915e-04
  3.66424327e-04  2.93102523e-04  3.23997636e-04 -2.05037184e-04
 -1.00075136e-04 -5.21426118e-05  1.28099331e-04  1.28108295e-04
 -5.22349001e-05]",0.980128,635
108,"[ 0.12117884 -0.06627687 -0.06631693 -0.06632167 -0.06626363 -0.0662749
 -0.06631127 -0.06629766 -0.06631292 -0.06628329 -0.06628692 -0.06632556
 -0.06627046 -0.06631424 -0.0662869  -0.06631624 -0.0663205  -0.06633035
 -0.06631701 -0.06630228  0.42182082  0.42191434  0.4224292   0.42196235
  0.42264187]",0.019827485,640
109,"[ 0.12064733 -0.05531342 -0.06677143 -0.06676901 -0.06676072 -0.0667759
 -0.06677263 -0.06676418 -0.06522405 -0.0667692  -0.06676097 -0.06676868
 -0.06676929 -0.06673324 -0.06675847 -0.06674285 -0.06678284 -0.06677321
 -0.06676479 -0.06677449  0.42100337  0.4210483   0.42129594  0.42106062
  0.42170584]",0.019827485,645
110,"[0.0008771  0.00021975 0.00023089 0.00021077 0.00020804 0.00021074
 0.00021077 0.00021076 0.00021086 0.00020803 0.00021088 0.00021079
 0.00020804 0.00021975 0.00021077 0.00022272 0.000208   0.00021085
 0.0002227  0.00020804 0.00097356 0.00026359 0.00093843 0.00093842
 0.00026365]",0.9801278,650
111,"[ 0.12058512 -0.06633134 -0.06628974 -0.06631462 -0.06627819 -0.06632316
 -0.06627546 -0.06599085 -0.06632435 -0.06627553 -0.06633058 -0.06636663
 -0.06597675 -0.06636943 -0.06632277 -0.06634009 -0.06635623 -0.06638193
 -0.06636646 -0.06597251  0.42184454  0.4219149   0.42243046  0.42198712
  0.42264262]",0.019827515,655
112,"[0.00108777 0.00043264 0.00023453 0.00021259 0.00023321 0.00029196
 0.00011077 0.00018487 0.00024045 0.00019161 0.00022522 0.00021639
 0.00043262 0.00020297 0.00015687 0.00043263 0.00028797 0.0002252
 0.00024043 0.00022741 0.00040566 0.00025426 0.00036791 0.00036792
 0.00025425]",0.98012793,660
113,"[ 0.11947881 -0.06613147 -0.0663487  -0.06636025 -0.06636634 -0.06629543
 -0.06597735 -0.06634773 -0.0663393  -0.06629824 -0.06635329 -0.06608023
 -0.06634883 -0.06635231 -0.06594884 -0.06633859 -0.06595172 -0.06633528
 -0.06634434 -0.06628996  0.42209107  0.42206737  0.4226889   0.42205665
  0.42281324]",0.019827127,665
114,"[ 0.12001307 -0.06700909 -0.06615238 -0.06770261 -0.06736501 -0.06546651
 -0.06541637 -0.06542613 -0.06542233 -0.06495804 -0.06542677 -0.06540138
 -0.06541964 -0.06533988 -0.06627132 -0.06542472 -0.06543095 -0.06626534
 -0.06541703 -0.06550391  0.42095023  0.4205702   0.4171169   0.41956124
  0.4203718 ]",0.019827604,670
115,"[6.21975691e-04 7.22373370e-05 2.24760137e-04 1.13823829e-04
 4.21878503e-04 2.24758303e-04 1.36028029e-04 4.21875680e-04
 2.74163263e-04 2.36289823e-04 2.24767384e-04 2.10022277e-04
 1.13836926e-04 1.03472557e-05 2.36261141e-04 2.36282416e-04
 2.36307504e-04 2.36294101e-04 1.03649218e-05 4.21906705e-04
 8.94615427e-04 1.05137209e-04 8.96299898e-04 8.96400539e-04
 1.05136307e-04]",0.9801278,675
116,"[1.6360093e-04 8.0679078e-05 2.9432640e-04 7.9791294e-05 3.0880910e-04
 3.0219351e-04 3.0505509e-04 3.0217977e-04 2.9434497e-04 9.1569265e-05
 2.9433551e-04 3.0218717e-04 3.0220969e-04 3.0224337e-04 3.0162078e-04
 3.0223461e-04 3.2494718e-05 3.0221231e-04 3.0219165e-04 3.0218367e-04
 5.0951191e-04 3.7925199e-04 4.8117284e-04 4.8118478e-04 3.7923580e-04]",0.980128,680
117,"[ 4.9588823e-04  1.7191051e-06  2.0854098e-03 -1.8884262e-04
  7.9562509e-04  3.7905949e-05  1.1640994e-05  3.7914899e-05
  2.0853954e-03  8.7191249e-05 -7.3836753e-05  8.7035456e-05
  1.3591575e-04 -7.3828021e-05  5.8236270e-05  1.3572913e-04
  1.8337587e-04  3.7914739e-05 -7.3841264e-05  5.8995720e-05
  3.6095388e-04  6.2114472e-05  4.5869302e-04  4.5867672e-04
  6.2146399e-05]",0.9801278,685
118,"[ 0.1210838  -0.0663851  -0.06634364 -0.06637221 -0.06638848 -0.06634286
 -0.066385   -0.06643706 -0.06638197 -0.06639762 -0.06638183 -0.06643011
 -0.06637713 -0.0663311  -0.0663773  -0.06634259 -0.06635194 -0.06638141
 -0.06634832 -0.06638689  0.42256674  0.42259502  0.42256272  0.42186722
  0.4225764 ]",0.019827515,690
119,"[1.57579503e-04 1.65794161e-04 9.56387667e-05 1.04732215e-04
 1.16711701e-04 8.33228696e-05 8.14697414e-05 7.28715386e-05
 1.18020078e-04 7.96062959e-05 1.04699837e-04 1.04667270e-04
 8.15186359e-05 7.75210647e-05 7.85195443e-05 8.17388063e-05
 7.07234431e-05 7.81765702e-05 8.14881787e-05 9.18772130e-05
 2.50692409e-03 6.72693830e-04 7.65974750e-04 1.47698098e-03]",0.9801281,695
